Group,Hemisphere,Pos_x_dend,Pos_y_dend,Pos_z_dend,Pos_x_axon,Pos_y_axon,Pos_z_axon,distance,Size,dz,Q
g001,Right,28.11451988588162,57.074864034760964,39.32898798579638,29.351250426891383,61.33277134776949,40.63265442049692,4.621560698530593,3,1.3036664347005384,1
g001,Left,76.88074761904402,59.22412258366672,39.21039400090307,76.93889285103751,60.53823979227036,39.50276574847525,1.3475036715089905,3,1.3036664347005384,1
g002,Right,30.745155402359256,57.58654737898558,42.97787473252601,30.946066404274056,55.43553733013216,43.03688448040961,2.1611782923451885,7,0.05900974788360003,1
g002,Left,74.44526626852435,56.3545693992824,42.495346853086275,75.55821284142213,55.949757460411746,43.06321258588784,1.3133903724587732,7,0.05900974788360003,1
g003,Right,30.297955794402135,58.056489918016574,39.44753111108244,30.633507379565717,59.61966821171415,39.58654077163551,1.6048192826359409,3,0.1390096605530715,1
g003,Left,76.51977663600175,59.62330903345605,39.28643049844235,76.3858727997109,60.272416509429895,39.67997520822947,0.7708100877258747,3,0.1390096605530715,1
g004,Right,28.39222456591899,57.5564186391676,35.74011685179325,27.23506213096179,56.94373466191747,36.74425104349209,1.6500581904265685,2,1.0041341916988387,1
g004,Left,78.07870622145822,58.17517119056776,35.96171922452818,76.5070243654655,56.984046557860665,36.41451619154343,2.02336028438747,2,1.0041341916988387,1
g005,Right,28.60345933132106,58.296527758394326,36.370984465156496,29.94375564086431,59.202971503490076,36.77163460555971,1.6668998156468748,4,0.400650140403215,1
g005,Left,75.69038319102015,58.598004916488044,36.38693994945497,75.40608460949775,58.7879918206546,36.58546064888384,0.3953873737389228,4,0.400650140403215,1
g006,Right,28.18718276511476,57.51261195900772,40.67486972548864,28.570063461856513,56.257198069189506,39.361430674481205,1.8568208861915745,2,-1.3134390510074354,1
g006,Left,77.28380829929462,57.9125944989801,38.9771998657167,77.05232786177409,57.17980701761973,38.435570526591285,0.9401718070621997,2,-1.3134390510074354,1
g007,Right,29.688651274316573,56.11469409145756,39.364455975948914,30.141411641683096,56.193229510048425,38.06642337584459,1.3769707306855492,2,-1.298032600104321,1
g007,Left,79.7287990532398,59.01504028667084,39.098051487072496,74.69740686146905,56.61677819531717,37.198229350102466,5.888623998724755,2,-1.298032600104321,1
g008,Right,26.236817410983498,53.93963389220715,39.30466331394635,25.80163450922374,56.12219720934461,38.646918525621444,2.320688474971751,2,-0.657744788324905,1
g008,Left,78.27133911802659,53.98886363100309,37.45547074559617,76.2904494109697,52.69208639867937,36.80361391822161,2.4557020473159867,2,-0.657744788324905,1
g009,Right,27.734566012679718,55.652588313632315,40.766913638943734,29.685835145227742,56.453923170219745,39.743975410095786,2.344353087752631,3,-1.0229382288479485,1
g009,Left,74.55099392772446,56.51111945193284,38.412661246679335,76.67637357181647,56.46707947199129,39.27183134181964,2.2928914941046212,3,-1.0229382288479485,1
g010,Right,40.92932381677028,65.22865910055886,45.75298345268189,41.633015653589716,65.19255294666594,45.441018065806276,0.7705895523323063,75,-0.31196538687561315,1
g010,Left,66.15436149068879,64.99029538628696,42.83792218640556,65.21935559735181,63.88813950254055,45.65625329307891,3.1673291334331477,70,-0.31196538687561315,1
g011,Right,15.612023449964326,35.09723302919837,66.58153509850422,13.506147343083855,41.264763314397825,71.88379085769299,8.401610567756219,16,5.302255759188768,1
g011,Left,90.06718126445702,41.13457970074954,71.46274523754606,91.16637422499728,40.617524957661274,70.24394040638566,1.7207719164117221,13,5.302255759188768,1
g012,Right,46.50674935654085,80.99171564056738,64.0022519854715,45.83124328506785,79.97355483420687,61.98132819243437,2.361586936250532,25,-2.0209237930371344,1
g012,Left,60.75732152106234,81.8506733479082,63.88061052721156,61.27241594314824,79.22326985218969,60.73270212465716,4.132541434014963,26,-2.0209237930371344,1
g013,Right,48.755910997756885,84.19171787027713,73.42338264931182,46.59419497722553,84.58921472048272,69.19997643987051,4.761111205306245,14,-4.223406209441308,1
g013,Left,60.02708106498987,83.67675425694642,70.28723866272763,59.00169289615576,84.89118616338986,68.92740092702138,2.091751519570027,11,-4.223406209441308,1
g014,Right,45.634279259011,82.78038143854987,70.80259244097316,42.947797322148276,80.26594901778738,60.17143522696777,11.249935968909776,14,-10.631157214005384,1
g014,Left,62.94835631203424,82.39147850825522,65.57758081862727,63.004591193958376,80.73228585190064,61.06925218252773,4.8042803544257415,15,-10.631157214005384,1
g015,Right,43.68367466898624,64.33089010432633,45.291859018484644,43.88950482252946,64.24614191261719,45.74750845259114,0.5071141044253897,19,0.4556494341064976,1
g015,Left,58.728249403187505,65.69846469558107,49.381362803607914,62.69749552352279,63.382899097647325,43.70878669238235,7.300334138912953,19,0.4556494341064976,1
g016,Right,35.12325482335525,63.285486143274625,50.48883191789207,41.359483539745625,68.34055762740252,54.19111638666831,8.840317109726136,5,3.7022844687762415,1
g016,Left,70.8039630822774,62.83961428264716,49.05604216295261,67.36523560332637,66.55652080645697,53.15747534230258,6.516286895610547,5,3.7022844687762415,1
g017,Right,43.68678726817894,75.2516514779946,48.03451703209881,45.95607095747826,77.33969747081281,49.67748863697375,3.4941293944371097,7,1.642971604874937,1
g017,Left,59.714486837199445,77.98433846310584,49.09480219532634,62.164842514668905,74.92318098478172,45.89360107305311,5.06187876963187,7,1.642971604874937,1
g018,Right,48.54210253680585,63.436458728187866,40.68581077217772,43.09300352383808,68.60267616999748,42.4196680212103,7.706409259130159,8,1.7338572490325816,1
g018,Left,62.01961246017575,66.88173150400446,39.635123529962726,61.35121604077945,62.48510844796938,38.44132580292243,4.604584789468824,7,1.7338572490325816,1
g019,Right,28.037914692670185,28.379322782377105,44.02037611250298,34.65717354038002,29.704264675974564,32.41778479865123,13.423493729676435,13,-11.602591313851747,2
g019,Left,76.91735701940453,28.00226575713679,42.65681740927498,71.60037313507574,28.735729140926306,31.775328657394297,12.133222309793792,13,-11.602591313851747,2
g020,Right,29.198876605569833,28.23601869378381,43.830454667992484,33.02696697865703,29.558511584612503,32.71814888616971,11.827366703520578,20,-11.112305781822776,2
g020,Left,74.30859891347413,28.50467817893103,41.91746776562555,72.96519864695632,28.63590295535196,32.25974065060723,9.751596651122677,15,-11.112305781822776,2
g021,Right,29.46041255293167,23.10521829378421,48.40817307050875,33.0209572392851,28.709659259102892,33.5792778406033,16.24756507101217,40,-14.828895229905456,2
g021,Left,75.84845936333517,22.81703503144878,49.49729537240932,72.03029828233902,28.538527688407168,32.004641183528456,18.7964566563976,45,-14.828895229905456,2
g022,Right,24.51287664140759,34.52227069152207,41.89846231854144,30.48469354039386,27.26571154554362,52.97835020413926,14.528735776781087,3,11.07988788559782,2
g022,Left,81.55311081587305,33.97339624084752,41.710320921905804,75.2992855196759,27.030901855561606,53.61735712124374,15.135589521965302,3,11.07988788559782,2
g023,Right,27.466904232523405,36.98667896537688,31.946579938847506,40.77915078714704,31.752554361739065,36.058244126154634,14.883472413609653,2,4.111664187307127,2
g023,Left,77.33259519002362,35.457948248236924,30.861928032655502,66.5016940102136,29.29911138368439,32.96111930420472,12.635121522388692,2,4.111664187307127,2
g024,Right,29.712101460690107,34.496058122720065,44.54806751702894,44.25026532982636,32.784250217305136,40.32059661105834,15.23679773612972,7,-4.227470905970598,2
g024,Left,75.79332392119468,33.66916117190951,43.13607777232074,60.13553771284066,31.71398213825106,37.54509350884937,16.740612265821213,7,-4.227470905970598,2
g025,Right,31.965328487445614,27.828121018673276,38.840460972286145,46.780361622156946,29.346758831653677,42.5328055304993,15.343561383400363,7,3.6923445582131578,2
g025,Left,73.18619638439718,27.432600952955717,38.88020137671314,60.44963647410334,28.456785788698095,40.13675444028075,12.839308335258169,7,3.6923445582131578,2
g026,Right,33.00674319172312,28.838050791087223,30.87921504424102,58.08521656707419,43.11887450577888,41.3567941708125,30.702628831451204,8,10.47757912657148,4
g026,Left,72.48848844425896,28.57109656817144,29.957257587464788,50.61261143080861,42.72990098371626,39.567207180920555,27.773672223420828,8,10.47757912657148,4
g027,Right,40.849940628237974,29.460969047468655,33.83460837985137,55.809005950899994,30.987677504069364,35.07113231356183,15.087526817797684,10,1.2365239337104654,2
g027,Left,64.50655025227341,26.984395770290757,31.66963838121133,54.86783172416344,31.151963290724897,35.49429284509456,11.175933771708298,10,1.2365239337104654,2
g028,Right,30.626034986021306,27.17043178307895,31.001674177192328,37.180651274269266,26.108554036300614,32.25066614448225,6.75651981197593,9,1.2489919672899248,1
g028,Left,74.91749176424774,26.98579987739454,29.949824892995807,68.01027748477058,24.524109559401964,30.33996017765136,7.3431419613571975,9,1.2489919672899248,1
g029,Right,33.4078563449356,36.50738256471926,40.40885587256746,57.34753661078149,32.94250565727204,34.96228732441584,24.808904601894373,15,-5.4465685481516175,3
g029,Left,73.04598735884856,37.03737867287592,40.28755965950158,49.911253077198985,34.15920639666577,36.383451110569986,23.637721326217502,15,-5.4465685481516175,3
g030,Right,33.73575641180598,26.6888540662505,48.8351657235706,30.405559961862576,29.19159346331093,30.958719682913785,18.355414349159453,5,-17.876446040656813,3
g030,Left,71.30579551073782,25.38752416502711,48.51666984080129,68.86126080756927,27.969418812036206,29.463009221199318,19.382567241988887,5,-17.876446040656813,3
g031,Right,34.201148842578476,30.63976740671408,41.03960616622704,33.91048718211069,40.78025834842377,42.931975006941634,10.319646339340789,4,1.892368840714596,1
g031,Left,72.34175158080889,31.13260797215752,40.28676970410109,71.71866192177035,38.90384563971399,42.14193865318682,8.013864700536264,4,1.892368840714596,1
g032,Right,29.68541118407081,24.248021206215366,32.43084780289216,63.96730444551802,23.309109953717982,30.783323385318422,34.33429912836182,1,-1.647524417573738,4
g032,Left,76.15626251839717,25.928869600734927,30.753772443844653,35.14005641463623,25.019601607809463,30.972100925185842,41.026864354407095,1,-1.647524417573738,4
g033,Right,33.97768176094119,29.214547074669863,35.33864657870714,53.133347649766655,30.290426232500025,38.82523807907026,19.500086458704978,2,3.4865915003631187,3
g033,Left,71.91217747644676,28.24998314751798,34.30794651491734,51.059100016042585,29.936762339139296,37.71182738426735,21.196284310784996,2,3.4865915003631187,3
g034,Right,33.405143502171676,29.903154537820527,34.97115814800068,42.45842168612378,26.432202046608076,42.17281700672169,12.077799774365847,9,7.201658858721004,2
g034,Left,72.33251643759247,30.735209354962638,33.81086036327957,63.610340465924914,23.543012542490956,37.09503715140514,11.772419710736001,9,7.201658858721004,2
g035,Right,33.723818344680794,26.53305294852947,30.106898642371707,53.56654046524074,25.44530720954349,36.01529176181017,20.732243515844324,4,5.908393119438461,3
g035,Left,71.87217854390009,26.629014626934794,29.213850543437236,53.71137596027229,25.02586503350487,35.86058722808737,19.40525567096426,4,5.908393119438461,3
g036,Right,34.64794031410353,26.48021558374409,30.961031242975203,60.40187160607345,29.30589802189171,31.919074275538843,25.92618955197634,4,0.9580430325636407,3
g036,Left,71.01074916546439,25.835819059562414,29.796722468087317,48.95366046379291,31.669345352791126,33.99664431151102,23.19880459200564,4,0.9580430325636407,3
g037,Right,39.28212609296117,32.08328262463657,35.99874433890342,56.627102061389394,34.40581080048758,41.4284568455551,18.322775618826533,6,5.429712506651676,3
g037,Left,67.46774695951923,30.74285746386493,35.14382191679696,54.02127663200397,36.26110336512396,40.303133983587735,15.423264994742308,6,5.429712506651676,3
g038,Right,35.04235149543579,28.178810982291353,32.68773196929221,61.590887309174406,34.209363462862214,33.31315920511463,27.23203033748291,6,0.6254272358224213,3
g038,Left,70.53058866338854,27.922104585157268,32.61775966790155,46.49662793330841,35.820753299339955,34.97461332037164,25.408161661644378,6,0.6254272358224213,3
g039,Right,31.723710350511706,31.676310798419028,38.320189104237116,60.748408696476645,26.848017021453217,31.661037482841465,30.16769522498666,4,-6.659151621395651,4
g039,Left,73.22025260387423,30.11208924386779,36.05107042129705,45.885119140824564,28.704249331847492,33.6843838705682,27.473491585344878,4,-6.659151621395651,4
g040,Right,34.930255960917826,23.27833524567706,35.56293905690201,51.918928717445624,23.9568973525953,34.04216549028451,17.07009668403368,14,-1.5207735666174997,2
g040,Left,70.09411934793044,23.019743871309483,33.13189514195101,53.651919264439925,24.04472898667741,34.371121514370095,16.52066040067286,14,-1.5207735666174997,2
g041,Right,26.377119044918466,23.445291381541377,42.00240836967292,44.43840887837594,24.30311516627974,31.451220375285207,20.934985554968232,14,-10.551187994387714,3
g041,Left,79.04276191623319,23.613443368486646,39.23402306151012,60.732548313230126,23.306993320871765,30.418168151648796,20.32429904353426,14,-10.551187994387714,3
g042,Right,25.39589535630274,22.913235014438694,46.15464941617136,48.167408247263054,23.665703728279535,33.19179791460145,26.213422660160848,7,-12.962851501569908,3
g042,Left,80.18183741794546,23.382473073298225,44.718498108125985,58.04921505691332,22.88786418919236,32.117260679025655,25.47329572844581,7,-12.962851501569908,3
g043,Right,25.053382044372682,21.46541889697776,49.52174729150787,35.255325001975805,24.309688642349666,31.083206666786232,21.263802361387206,8,-18.43854062472164,3
g043,Left,80.90301325653262,22.076170871504658,48.627583575343074,71.16684266144534,24.095129513895884,30.29462548273812,20.855852039212827,9,-18.43854062472164,3
g044,Right,28.098025900256335,22.11542919802171,50.927471714496804,33.31079046889508,24.126391763155873,30.066403030180155,21.596320787073967,8,-20.86106868431665,3
g044,Left,77.54542957624211,22.465773570970814,49.902916162651636,72.34966435133212,24.55992700879754,28.783689282820212,21.849558322660428,8,-20.86106868431665,3
g045,Right,22.818067458338486,23.274202594650756,52.639896564730975,33.06079922085297,22.55069738344182,32.515844379991954,22.59235468213902,3,-20.12405218473902,3
g045,Left,83.27404406835763,24.576654767742163,56.10528552510864,71.93632276948885,23.439288021002813,29.449359613453,28.989237892277984,3,-20.12405218473902,3
g046,Right,25.965989235212778,20.15824213563952,44.83145113920297,69.57407670708801,18.365514532557633,31.09658456631627,45.75506228810725,3,-13.734866572886698,4
g046,Left,77.16247550934305,19.997223937067826,40.629327260603816,38.65216545702489,19.06121703004849,34.86358471487966,38.950787878542826,3,-13.734866572886698,4
g047,Right,25.169174789116738,23.511096537774336,47.04792403552123,50.46425257468284,24.574542841525474,34.75374729945742,28.144602676825517,4,-12.294176736063804,4
g047,Left,79.04906193167471,22.658153150046022,44.630731918429746,58.85772027641833,22.98064358556436,33.001479940532676,23.3030851924314,4,-12.294176736063804,4
g048,Right,25.59415671388057,26.24440995838303,43.58574883093077,51.819940226366455,21.88150245627926,35.695093350220304,27.732456195421207,2,-7.890655480710464,3
g048,Left,81.54776024388931,27.040154049707294,42.73505884175154,54.32979158416811,21.253756475160838,34.9255132105457,28.901370517990472,2,-7.890655480710464,3
g049,Right,26.3646685469384,26.250475461201376,45.79078219260259,37.83275558180689,23.564852725721334,33.376671117124296,17.112560986332788,5,-12.414111075478296,2
g049,Left,78.67718123664531,24.908664559220437,45.95041817832364,68.4794058947959,22.612640895885008,31.949310489452984,17.472760603315695,4,-12.414111075478296,2
g050,Right,33.53216139927541,23.427829580889348,32.00332489414475,51.31759221026885,23.86670777910657,34.22786362376852,17.929381912522842,5,2.2245387296237737,3
g050,Left,71.83249374267595,23.63596770922016,30.441369170824217,56.166793926888104,23.176848750687434,31.869656306409176,15.737374148127032,5,2.2245387296237737,3
g051,Right,25.045200133502725,22.29774512761107,51.437666778108024,30.697856951712044,25.063315297106072,31.012811903308076,21.37230928382537,2,-20.424854874799948,3
g051,Left,82.33247046269979,23.228085662208116,52.33021514897376,74.7144029539508,26.378111553291358,29.051735159086995,24.695044975093893,2,-20.424854874799948,3
g052,Right,30.576332706955984,21.866610759051014,44.57313065461857,35.536469278994204,23.89646641246319,29.716809627496588,15.793465207099652,3,-14.856321027121986,2
g052,Left,74.60683081732452,22.348309500227373,42.40407911308905,71.06542595320283,23.764347441064558,29.436781651355588,13.516564479282232,3,-14.856321027121986,2
g053,Right,34.35908112724222,38.01212597901382,42.3112655001674,35.40181586371249,23.6767456133378,33.07689687615668,17.084027330912487,3,-9.23436862401072,2
g053,Left,73.47105337590898,36.01311149137194,40.28538500528042,70.02042225630466,23.44788489760786,31.269231447698353,15.84559242976158,3,-9.23436862401072,2
g054,Right,33.1123472032263,22.197904712957584,33.057912454744894,67.39501040671601,21.513042178843243,32.11176466366394,34.30255425849668,2,-0.9461477910809535,4
g054,Left,71.65509582387357,22.669701546056746,30.938096053249232,40.46542842216439,22.7014497367978,33.77860485605177,31.31876196205166,2,-0.9461477910809535,4
g055,Right,28.820001011334273,56.87188886453898,38.84827525045888,24.637556957027112,22.836973861765742,53.37036411720199,37.23921780283512,17,14.522088866743104,4
g055,Left,76.68027447338439,57.41071361710843,38.17550594327519,81.06152370179083,22.768803395892082,54.66590121545143,38.61593485607772,17,14.522088866743104,4
g056,Right,29.911607663387567,58.20607802802417,39.237882557680074,28.895872573248532,57.80555904668899,39.535341315838615,1.1316425851631544,10,0.29745875815854106,1
g056,Left,76.53280796736837,58.51902970740545,38.61101214355022,75.78760607021565,58.18198534498086,38.80734000189649,0.8411120007020794,10,0.29745875815854106,1
g057,Right,19.086364537117046,30.751900546313646,48.686855530925584,53.695868446638755,28.03761507736693,44.61850699061793,34.95334842780527,9,-4.068348540307653,4
g057,Left,87.46068057305114,30.84513706289132,47.51400426991949,54.65546148346732,28.130180416002247,44.711869197282354,33.03642459582127,9,-4.068348540307653,4
g058,Right,21.54160509371666,42.873317429830074,54.336998851352305,35.960086546331304,40.98837911892433,52.24224792821703,14.691275685429387,33,-2.0947509231352726,2
g058,Left,84.49453932457494,42.32826772339698,53.67696299495784,66.7304650134116,37.47573763943089,49.99333835720415,18.77973574947729,33,-2.0947509231352726,2
g059,Right,21.157601062850986,39.86794112264222,51.954513612475886,39.31608803229759,36.13234876040459,48.8295282098473,18.800288111702226,19,-3.124985402628589,3
g059,Left,85.47732552366628,39.7431082975217,51.449396483056915,68.10510497012417,32.220263951211834,46.0972296701187,19.673152355767346,20,-3.124985402628589,3
g060,Right,21.51980096470342,30.845362104081318,49.21700801283185,39.935269133417144,29.55118765572196,45.06701456596716,18.921596153197925,9,-4.149993446864684,3
g060,Left,84.92436342228889,31.1907752898252,48.738833766821166,63.67281290139641,26.04411776540192,41.87254047074145,22.91860525519687,9,-4.149993446864684,3
g061,Right,21.07031490577443,30.864200100854763,50.952156370484,44.414255897968744,26.76624380013852,45.90865112857868,24.231586246359445,10,-5.043505241905315,3
g061,Left,85.46437897355673,32.87315151365913,51.04101545917342,64.100722020931,23.0748995020681,41.12735206523742,25.508671128861028,10,-5.043505241905315,3
g062,Right,20.958009395266195,29.915074703902715,47.231897291186,32.77797063293647,28.78173914316016,44.625176805546594,12.15692908770647,11,-2.606720485639407,2
g062,Left,85.65158290541476,29.900261007619363,45.89784948449033,69.55761023188172,25.74222475278237,41.96802722946718,17.080653525818093,12,-2.606720485639407,2
g063,Right,19.641888750773663,39.95816451753352,51.181584471517674,21.821074026689995,41.737814036259145,51.48628408859682,2.829989882123092,7,0.3046996170791445,1
g063,Left,86.2264490056243,39.4233021838114,51.32494713274556,84.57754508654195,41.03080136832138,49.34454057987269,3.037259929151138,8,0.3046996170791445,1
g064,Right,21.42723729463588,42.90623913982264,54.07417143638667,53.4330342687597,35.08077464238281,45.648402214227225,34.00885945653888,9,-8.425769222159445,4
g064,Left,84.26615388119693,42.902799193462506,52.414385123,49.32661726841124,34.78909161345594,45.27073879380697,36.57369481316648,9,-8.425769222159445,4
g065,Right,19.666345073985312,39.94031333222827,52.83574840569051,44.99781637368226,32.487989508753444,47.51836730002156,26.935016435863293,4,-5.31738110566895,3
g065,Left,86.79966702201816,39.37543837631911,52.66612678484364,58.726125144916516,30.368507435672132,44.88336562361113,30.49294885359159,4,-5.31738110566895,3
g066,Right,32.726366900137144,39.34681043914428,48.158338132255274,56.44071063153319,45.49864918116582,53.46098025140756,25.06657599199476,6,5.302642119152289,3
g066,Left,73.87906596061724,37.73888396328638,47.42382845164151,52.44593768990982,46.05057683449863,56.32847184317711,24.65270572948083,6,5.302642119152289,3
g067,Right,20.17179492335276,41.60466193820126,53.355932900580726,34.8506091719719,34.03158575537128,46.588340479838685,17.84991254291449,6,-6.767592420742041,3
g067,Left,86.0467173323553,41.60051847668704,52.710453451064474,72.28793110381224,30.565802061379205,43.207927768938056,20.034149824449315,6,-6.767592420742041,3
g068,Right,22.25755379428889,42.35230662056769,55.609996345639146,29.029435754325668,40.304548398408606,52.62197047562639,7.679843593261336,10,-2.9880258700127555,1
g068,Left,83.94801509336115,42.809974025596716,55.684357570542126,71.7411178843539,36.17812898740702,51.546310244132705,14.495280051017795,9,-2.9880258700127555,1
g069,Right,20.461717554529574,37.30329798220126,51.64694933154757,37.8670829193049,31.662761009183917,43.47898873161784,20.036915460901174,3,-8.167960599929728,3
g069,Left,86.0451982928757,37.369722973118726,50.72849575975625,65.2443797161617,29.57132236215049,41.88684859671115,23.909492468605503,3,-8.167960599929728,3
g070,Right,25.68089701739608,37.64663103399531,47.34352721690543,49.84163412734145,68.54185408047707,115.76391950886327,78.86447936918846,5,68.42039229195784,4
g070,Left,78.51207580333579,37.87819833630496,48.767719562961695,50.019543141627096,65.47859714611867,104.96247009413804,68.78558293131233,5,68.42039229195784,4
g071,Right,23.375923650739587,43.65067075554741,55.767832005569446,38.350745083414836,42.65357032266025,50.65440463517865,15.855176621092415,12,-5.113427370390795,2
g071,Left,83.67758766766083,43.270687324499015,54.26311033605423,65.53825231988755,39.47254480700008,48.9485099356891,19.279687519712855,13,-5.113427370390795,2
g072,Right,15.08904493499767,39.0763499241796,71.0730253410465,25.696149179519363,24.936648673001386,58.6277142594305,21.617760750015602,3,-12.445311081616005,3
g072,Left,89.1845372379037,37.91376548598395,69.84645596363531,81.33598590372276,25.194709980022434,57.46492833435679,19.408151829671745,3,-12.445311081616005,3
g073,Right,27.6409004369133,25.83550389776264,56.68458370675102,52.48807483970531,25.663318306434565,54.371015184241536,24.955246402088886,3,-2.3135685225094846,3
g073,Left,80.45645689938634,27.67669220517266,58.27988987012284,50.8267330336025,25.042151986333224,53.37691155586588,30.147977293300407,3,-2.3135685225094846,3
g074,Right,27.219106870053846,24.686151538671055,54.63045513245216,53.26415237886357,25.750482162617224,45.20018147537446,27.72015974846489,3,-9.430273657077706,3
g074,Left,80.35900648231258,25.265996134206542,56.47072810875015,58.77146107068617,25.139689981436064,44.61747584529791,24.627985288372567,3,-9.430273657077706,3
g075,Right,24.065414355921188,24.882447008334488,54.733772750499725,31.723119310309478,26.47721200847344,54.79749287378071,7.822261874179495,2,0.0637201232809872,1
g075,Left,81.87409132604608,25.9395805640882,55.643893275521194,75.50785651730776,26.455901725558086,55.52051271067506,6.38832966788306,2,0.0637201232809872,1
g076,Right,25.98101405440436,35.58682923196993,51.18722465138122,30.50861563010106,35.204284668147636,51.288843125292196,4.544869930570205,4,0.10161847391097467,1
g076,Left,80.85661421646891,35.11535364758282,51.996171110449666,75.97280772548176,31.488785917605217,51.963182411338856,6.08314454832303,4,0.10161847391097467,1
g077,Right,25.05352647535857,24.617874968033462,57.560166450816766,25.485201999048993,23.774562298083513,55.92547016069685,1.8893787280435173,5,-1.6346962901199191,1
g077,Left,81.535823818619,24.377651832323295,57.892371506582,80.00512223534551,24.177543087953985,55.850613746999194,2.559661226691067,4,-1.6346962901199191,1
g078,Right,31.641776905761784,25.74820781453031,51.87580585554456,59.748781209339406,27.750027965607817,50.9091633849542,28.194775624298558,5,-0.9666424705903651,4
g078,Left,74.2727557156713,24.772630404990927,49.82049966764312,41.70413799265253,28.271033018224298,54.440191084692444,33.080133464379635,5,-0.9666424705903651,4
g079,Right,30.305656918941832,30.657948663023838,53.59963870169276,38.43216297215322,29.90984750280733,53.270296002235845,8.167510183188277,10,-0.32934269945691597,1
g079,Left,74.75240288664014,29.052715791725173,53.58689069854577,65.49141858988455,28.69927947515928,52.81645366915631,9.299694650410617,10,-0.32934269945691597,1
g080,Right,23.312529012408017,24.74356788483151,56.23485512918713,35.79868246813414,22.87817329385862,56.4071665807036,12.62590259491558,11,0.17231145151647098,2
g080,Left,82.8749150914519,25.592536394008963,57.18917934596373,66.92708665368868,21.35584248355927,51.768265616868554,17.36862437930717,11,0.17231145151647098,2
g081,Right,22.629255518309176,24.245962658990937,52.24351930849599,25.19895962455466,22.156308588774902,46.624580671740325,6.522461554539894,12,-5.618938636755665,1
g081,Left,83.23944403178724,24.360105667783305,53.284807896082796,81.50228163605188,22.479825221730025,45.953896592411326,7.7650143777887175,12,-5.618938636755665,1
g082,Right,23.173595484068642,20.10349006502173,56.44506963403608,23.208380141112343,19.54245399790745,52.60465643863203,3.881332883482462,10,-3.8404131954040537,1
g082,Left,82.97136086029707,21.080640902413617,57.556293204687044,83.32947215459322,20.492655838349165,54.89820935768683,2.7457931226421257,10,-3.8404131954040537,1
g083,Right,24.49745646155916,22.808360988294275,52.903200245447486,23.034916910522476,22.781821314549294,48.76375228659373,4.390302460729513,5,-4.139447958853758,1
g083,Left,82.11080516000848,23.509829157551547,53.60961071010385,83.66220411010104,23.09978085604875,49.263950350244706,4.632466111604569,4,-4.139447958853758,1
g084,Right,23.735982082224446,22.440123373505493,48.23434108772399,40.64230085080825,21.298372309999348,43.19341277883392,17.678749051088307,8,-5.040928308890074,3
g084,Left,82.26807022685949,22.300718202226392,47.37448536833194,66.51086806327149,19.121200817751067,38.888000624272614,18.177435851448216,9,-5.040928308890074,3
g085,Right,24.600102653695284,22.611951605253076,52.52238533545918,22.12679519242725,24.512622283225898,47.17758791603222,6.188429387072525,7,-5.344797419426953,1
g085,Left,83.20664430053233,22.88160924129874,52.75858442872078,82.70943167246392,23.39681812508541,47.57496797588537,5.2328328963907635,6,-5.344797419426953,1
g086,Right,25.10999769955819,25.667118132041992,47.18547189681008,20.76620726218326,27.05714046976027,47.250815638465,4.561244048256913,6,0.06534374165492096,1
g086,Left,80.9745124123809,25.530879334798815,45.93710968199052,85.08074721696075,27.464448068122707,46.49716931735637,4.573130121918327,6,0.06534374165492096,1
g087,Right,27.605352352877556,29.26596411557847,48.57673877366177,36.135542894203226,26.22797070195916,35.573295750867516,15.84560144328933,9,-13.003443022794258,2
g087,Left,78.75486935111157,28.791970762061656,48.687229938571924,71.06375989364264,24.83858992468224,36.155052112084064,15.226222965884899,11,-13.003443022794258,2
g088,Right,30.91413382932253,58.26956665053281,41.337823389461064,26.397136800026054,23.297471841711143,52.27437914070801,36.91962796643565,12,10.936555751246942,4
g088,Left,74.96297535998323,57.81155534808135,41.00134324276619,80.39217311463946,24.248786102714863,53.293922880716025,36.15305217865044,12,10.936555751246942,4
g089,Right,36.161239153177185,62.331777821830364,48.213365857882316,27.536381526932608,27.43707003323668,49.471391329450896,35.96681010058364,6,1.2580254715685797,4
g089,Left,70.73112623700406,60.971709634192926,47.745898833020604,78.99841739768087,27.03165832030333,48.72895797692974,34.94626720560133,6,1.2580254715685797,4
g090,Right,31.498495581628063,58.26316224128541,40.20309521013212,42.46657155369046,61.71319642915664,44.039346923493284,12.120984020890349,4,3.8362517133611647,2
g090,Left,74.57868379739487,58.42357033820672,39.9398280074292,63.90204299629091,61.49514235935783,42.97852135713404,11.517763270290661,4,3.8362517133611647,2
g091,Right,35.248896944123224,58.88844455922072,44.098696207977994,36.939279778239,23.645064449979554,50.644368667049086,35.885917343601115,5,6.545672459071092,4
g091,Left,69.72369852660542,58.16104536732851,44.81829183537318,66.19542206681967,20.946042828692757,45.56760625613292,37.389391822126534,5,6.545672459071092,4
g092,Right,33.87856627861237,59.308931146031206,43.86820181740859,23.842899558473942,32.525719137031395,50.0715280685022,29.26664156705092,4,6.203326251093607,4
g092,Left,72.4146916267205,59.45954859270516,43.65122371400167,82.60482048480216,32.35229672883203,47.65020092205671,29.234117884182957,4,6.203326251093607,4
g093,Right,29.79051269695755,43.10868212135222,42.099626628970555,51.43328986075686,60.7559890912223,81.00995931522984,47.894167039484834,6,38.91033268625928,4
g093,Left,74.63527931422743,42.0270926785537,39.89786729310738,44.1298757912541,58.629811305361464,73.13054233346563,48.0691231482168,5,38.91033268625928,4
g094,Right,30.355157294884325,45.97809521887134,47.42536366974863,35.80726544441031,57.270621667497274,69.5054225304348,25.392432655387903,8,22.080058860686172,3
g094,Left,74.89072423953193,46.61877980755124,47.79289509678048,68.8783163405079,56.682017892305105,69.83741577457748,24.96755297197759,8,22.080058860686172,3
g095,Right,31.365633037905628,46.84793878210306,48.801665399717145,47.340928573316155,67.82359542560661,99.49877385798763,57.14354771187648,9,50.697108458270485,4
g095,Left,74.36487618888377,46.87503980763776,47.942930230811896,58.520240603843206,62.72170706334275,77.81246616079207,37.34111027551461,7,50.697108458270485,4
g096,Right,36.25770789408723,48.65399041318597,47.08768833596455,58.13524089692333,47.43380527528393,46.38098340004578,21.92292712954617,6,-0.706704935918772,3
g096,Left,68.60175936503215,48.721987520166024,45.99223331767449,55.1504232775809,47.1956159245897,48.05226665283044,13.693501748176189,6,-0.706704935918772,3
g097,Right,27.04704124440437,45.34077283179364,44.081544687858496,51.188299085820525,49.73320074519608,50.45295213414738,25.351303437630172,12,6.371407446288885,3
g097,Left,78.53690052257627,45.475719981913066,45.813756319376424,56.35244874456848,48.971303525575806,51.183365413739665,23.091160794289827,12,6.371407446288885,3
g098,Right,33.3097313474246,40.494513141751966,38.60581703256647,75.95503010006009,38.381005041962524,37.883094054594025,42.703755697740434,6,-0.7227229779724453,4
g098,Left,71.30276220957987,41.36984496282978,38.82257485917536,34.28905933656554,38.17353269089822,38.69692209550289,37.1516675416933,6,-0.7227229779724453,4
g099,Right,29.82538532888925,44.5957034339203,48.044080302675226,57.031464406001845,42.759227809031344,42.214325454121735,27.88421458576784,11,-5.829754848553492,3
g099,Left,76.08948323083816,44.061566989759804,47.26170233883505,47.61448869511116,43.662839015800614,43.00442218418762,28.79424824721171,11,-5.829754848553492,3
g100,Right,34.830755004298624,42.186237300720585,39.93844171854459,66.38411259320907,51.027499795753386,46.6376032051949,33.4463908705251,9,6.699161486650311,4
g100,Left,69.23867555710943,42.54775825682491,40.4527723056957,38.963214573565246,55.20586401176223,48.16248929584988,33.70861781707395,9,6.699161486650311,4
g101,Right,31.68491196857895,43.31948252890226,41.8315271354212,47.737641994379,42.432481581643586,45.89519104023244,16.582830768385893,6,4.063663904811243,2
g101,Left,73.89581433911236,43.82602930923406,40.88047343595672,56.69690513519619,42.28973843015313,47.39876577452652,18.456727837857862,6,4.063663904811243,2
g102,Right,36.41751758065901,41.82277709021818,42.915815419185904,53.386355629304866,55.45452796886988,69.69647352006217,34.510429511306036,10,26.780658100876266,4
g102,Left,64.13085687346752,40.63707200041204,41.94301121505843,49.757813947746115,55.57955499558931,71.52835528794776,36.12692548386923,10,26.780658100876266,4
g103,Right,35.90709070794163,42.0117031968339,49.88371128362521,42.928528462566355,44.80881861685888,50.05590134235989,7.560032554912585,8,0.17219005873467808,1
g103,Left,69.60894543506357,43.71976030151709,50.38208718960408,64.67419780891916,44.823405576536494,48.69981246964097,5.3291477048621525,8,0.17219005873467808,1
g104,Right,38.79882863714991,46.614908035061724,50.85250633621453,69.11482910298788,41.473123127369085,39.78083887766438,32.68148798011471,7,-11.071667458550152,4
g104,Left,69.82548667910882,45.48618563022763,50.90341539982459,38.91225636594027,41.722864365650686,40.49534394031376,32.83471252868987,7,-11.071667458550152,4
g105,Right,29.44493189811519,36.70172530857435,50.49152010772898,26.54286734483403,43.23789154511817,40.86947525671546,11.988627730397758,6,-9.62204485101352,2
g105,Left,76.29735109964064,35.64903527850636,49.131423241660755,79.07192743001177,44.30087451051544,41.197902719914964,12.06206216940324,6,-9.62204485101352,2
g106,Right,28.439761908655278,47.296667304261575,46.81481353675787,29.4325456537046,47.24222214524753,44.12123989821347,2.871223221213485,8,-2.6935736385444002,1
g106,Left,77.85267574150586,48.0440673051201,45.511144370637766,77.03416851883253,47.95271752518269,43.704747148963605,1.9852883363217424,8,-2.6935736385444002,1
g107,Right,31.631674507477786,43.38488598032401,41.798332566696054,46.60941485158655,47.06441625479198,43.057960734509436,15.474440603053104,6,1.259628167813382,2
g107,Left,73.94517743114896,43.985551608589404,41.452818748796965,61.3426034145013,45.8426431940197,42.490756762757215,12.780883237186021,6,1.259628167813382,2
g108,Right,34.19515968286115,40.337200675134326,39.52115429837742,73.5125063130166,43.30596974068545,41.487948983721544,39.47829298658526,17,1.9667946853441265,4
g108,Left,72.08743737078022,41.1207890271808,39.338780068629724,32.318688003596996,43.18770480979963,42.12092431717635,39.91949265336417,17,1.9667946853441265,4
g109,Right,40.89234555380303,65.55251182511022,44.6153848746919,43.29986582858624,66.29399390791528,43.30976978411876,2.8373544574736282,14,-1.3056150905731414,1
g109,Left,65.93401499101637,64.32575415818471,44.45601990343071,62.85258431066985,65.22254790725175,42.848705779818594,3.5892774702033727,17,-1.3056150905731414,1
g110,Right,36.91777610240367,61.868289153308396,45.20151750780253,46.20860974286853,67.71791265621644,49.42455522653503,11.76315146694988,5,4.223037718732499,2
g110,Left,71.50520018041935,60.51501569164825,43.634293157954694,61.82068793853812,65.43440683695705,48.63915673556008,11.959884867093454,5,4.223037718732499,2
g111,Right,35.565308146532274,63.99127556753645,48.7006078964574,40.87380555498449,66.72110985800875,51.77001487409456,6.712182892573026,11,3.0694069776371578,1
g111,Left,71.44353109151514,62.54962245275971,47.53500550528054,67.01686998116989,65.7686863996986,49.51364047741366,5.82002556981265,11,3.0694069776371578,1
g112,Right,37.94963948873651,63.209768522450474,47.434275931669106,46.628577093504354,65.97127780068399,50.28207958090924,9.542529909088504,6,2.8478036492401344,1
g112,Left,68.97386091075256,62.367091815655435,47.1711071870276,59.82548106444058,65.9949010861124,49.79523366483474,10.185278282243903,6,2.8478036492401344,1
g113,Right,36.427362347098494,63.867450467306284,44.87316274425711,40.69787546154475,70.91723533768076,53.15087146437525,11.681490086214955,5,8.277708720118142,2
g113,Left,70.84638472234434,62.21598979798576,42.67323117689436,65.64071505676715,69.84627654826807,51.69782389334476,12.913696072637523,4,8.277708720118142,2
g114,Right,45.178168236654166,69.76365936148973,43.91611322341489,55.33533408478646,71.88337759540812,38.93991954453012,11.507550868340486,7,-4.976193678884769,1
g114,Left,59.32493471478586,69.24615570533943,43.864008102697106,50.60204655561133,71.72781620147087,38.57479407838313,10.498723810565085,6,-4.976193678884769,1
g115,Right,40.66374904339231,65.77670204544339,44.116945830416924,46.0559176568775,68.96911513505107,49.940626940957834,8.554662200708119,5,5.82368111054091,1
g115,Left,65.57960443462062,65.74739345535086,43.77574202537998,60.919482482603065,68.693862587631,49.796198153610646,8.163596569350167,5,5.82368111054091,1
g116,Right,40.29166475517084,67.42116179116434,43.53883812333716,49.57927947762437,67.31980461719824,43.86838549195497,9.29401215716941,10,0.32954736861780987,1
g116,Left,66.21077065033256,67.15338456678228,43.147050932247716,57.49353552799411,67.81568172828347,44.51907503922182,8.849365844984694,10,0.32954736861780987,1
g117,Right,40.56300431678837,50.83209324196844,37.569958837995976,47.42431805641656,31.55064742434607,33.205071535712236,20.92615636501733,27,-4.364887302283741,3
g117,Left,66.93697707289483,54.967984887127166,40.191061881392784,60.55168411824082,28.093123643009484,31.506922172330587,28.955904674070254,27,-4.364887302283741,3
g118,Right,40.64582936181111,28.438900997165057,48.27293927242485,35.42652514155294,47.168482144151426,48.31143286721823,19.44324634010463,3,0.03849359479337977,3
g118,Left,64.58834088630502,28.374358821106636,46.63192051522527,68.32426558188868,47.827766070701266,48.02862225473511,19.858070467666355,4,0.03849359479337977,3
g119,Right,18.121795005856956,35.070852546162705,68.66181406434039,27.380812105650477,27.8939498231003,58.648032607719294,15.411461624762847,1,-10.013781456621096,2
g119,Left,86.76170505566338,35.210488320252864,68.0732703462414,81.83962882648363,29.868499613404435,60.48443861107505,10.504953348521852,1,-10.013781456621096,2
g120,Right,27.75697169124443,27.87676787682813,50.419247447705125,30.251756104178657,29.0886379864225,52.107660152904806,3.2470472575291467,5,1.6884127051996813,1
g120,Left,77.84555449326602,26.97727798262768,51.55892546663743,75.3633514433694,28.47830251920334,51.936070645899306,2.9251743754105934,5,1.6884127051996813,1
g121,Right,33.73207698033594,45.532512577318165,52.6001801598963,30.095394238213405,29.388277968126875,52.58917611956418,16.54877317423758,6,-0.011004040332117881,2
g121,Left,71.64654838153442,48.484139293785745,51.126658390179045,75.0136356953907,29.238424770975698,53.09912344348845,19.63734765336603,6,-0.011004040332117881,2
g122,Right,29.491703818700508,29.51079398145335,49.15239716801751,50.34426649345329,33.61974600149595,47.54050056894226,21.314574062214223,6,-1.6118965990752514,3
g122,Left,77.89047302425519,28.860118475513175,49.92539458260745,58.07194098805966,34.55867643044472,46.655667617174444,20.879149629807767,6,-1.6118965990752514,3
g123,Right,40.56437421816841,27.111404936563165,45.128391698681014,54.37754273819009,29.99675962750936,47.32440360099835,14.281154173602442,4,2.1960119023173377,2
g123,Left,65.65432669516609,26.405437162342466,45.489290681017096,54.55739546082611,30.061110557695258,48.64605879941134,12.102521049205858,4,2.1960119023173377,2
g124,Right,35.31634733815824,51.15569483009493,54.549269405132165,33.827563547608506,36.003743698639354,54.9628520945379,15.230533506939198,7,0.41358268940573595,2
g124,Left,71.11168502598342,51.954247692463355,54.62108071294381,71.532379420722,36.95286389844243,55.056332772593194,15.013591970767925,7,0.41358268940573595,2
g125,Right,33.51804032500024,35.87283676486556,45.12716193901791,31.945160357795846,33.731186856303395,50.1274651508137,5.662477190415209,3,5.000303211795789,1
g125,Left,70.52843984519527,31.651785238242315,44.66512601007397,71.601827964731,38.35632108490225,49.75834393258399,8.487863793704856,3,5.000303211795789,1
g126,Right,27.502723914365465,30.176096686855452,52.41957671574902,48.949452164416186,26.501979739107835,44.371856043255825,23.199721894878916,4,-8.047720672493192,3
g126,Left,75.65773025032648,29.659170877849505,52.21352122443894,56.639484778008125,26.752175728585648,42.422002095575074,21.587453033975738,4,-8.047720672493192,3
g127,Right,37.07716558157037,61.33774732742708,50.923415362687145,47.38795718258318,47.20710876599675,52.3969675545744,17.55445030912429,6,1.4735521918872578,2
g127,Left,72.72671341997194,62.13717721754218,49.45462037883338,61.469850659928774,49.595956846676486,50.30614021291079,16.87377413671555,7,1.4735521918872578,2
g128,Right,29.38874800334157,49.40642548959647,45.74046106446079,35.02068847849166,62.79515038823781,51.14400647643194,15.497580809480128,2,5.403545411971152,2
g128,Left,75.9883749948803,50.636154854836896,45.85330757353963,72.33325790952829,61.300598471488755,50.74676159934691,12.28967578348055,2,5.403545411971152,2
g129,Right,41.1552363793366,61.377192206820034,50.70263659383379,37.89611694010044,30.48989149857186,50.72873759517243,31.0587811387251,7,0.026101001338645347,4
g129,Left,66.36588852472467,60.45898040193949,49.91346222532238,63.83082555277876,26.58808540876057,47.07656311821153,34.08389749507251,7,0.026101001338645347,4
g130,Right,34.78507269084888,47.95483415882081,47.86929902768892,30.719519475014827,32.15333883677073,46.642952406508584,16.362148495806704,5,-1.2263466211803333,2
g130,Left,71.41911097945098,48.66672392598467,48.104690448674994,76.96131811604288,31.36539453259174,47.136982374086394,18.193089832164198,5,-1.2263466211803333,2
g131,Right,26.892038452046787,29.90670232632789,54.373393700136035,26.040243476675155,27.63941340025783,45.88495657795022,8.827214653085676,8,-8.488437122185815,1
g131,Left,79.49228497338555,31.375416253356402,55.417662739944376,78.60947147784397,27.231721689094435,45.01126365683036,11.23577795200852,8,-8.488437122185815,1
g132,Right,23.147390934205312,26.817905411501048,55.00762212844243,31.182911183485793,29.22274997299732,49.87583146266966,9.833012685787981,5,-5.131790665772769,1
g132,Left,82.09484522028447,28.556446842314095,57.150777553371064,75.3121023172143,26.303049723910075,48.7035499822821,11.065218185835556,4,-5.131790665772769,1
g133,Right,26.311237986461514,27.150594345976348,52.30582067283111,36.71269209444265,27.004252901826522,36.83168375207574,18.645658390654862,5,-15.47413692075537,3
g133,Left,78.1065916791373,26.065045349947024,51.41677433907635,68.39243477590404,25.905375363417598,37.34635521907204,17.098743610505878,5,-15.47413692075537,3
g134,Right,28.47935934641808,20.344949151175555,51.529234222727574,44.6859639526176,24.57579687383733,52.698090595080195,16.790483332329334,2,1.1688563723526215,2
g134,Left,79.28783329997607,21.61105594044479,52.347373689869386,66.70754826982704,20.531426942753857,45.752382079994476,14.24510738979413,2,1.1688563723526215,2
g135,Right,29.066688780391253,45.45142151481516,47.1287723845349,24.787252856942718,20.17522144155268,58.172483208588005,27.91349871893174,4,11.043710824053107,3
g135,Left,76.35891176499555,46.613129424638984,45.159601279759094,80.69963362122316,21.054733132474336,57.89169083733075,28.882167366084094,3,11.043710824053107,3
g136,Right,16.827398718739715,36.40621114646737,68.59073837566426,22.246292828898,22.201185438815145,57.80614272253353,18.64013605459185,5,-10.78459565313073,3
g136,Left,88.86060335898615,37.38516705295787,69.21795967243517,85.06619513120982,23.406772613694375,59.02784010463085,17.70964657199002,5,-10.78459565313073,3
g137,Right,33.003495174732166,28.126068947881244,45.69111558903317,69.75385372516955,27.927041930631272,43.48902982033247,36.816812016686285,7,-2.202085768700698,4
g137,Left,66.83696433572378,26.954542646782656,45.3742207348653,38.498112674393894,30.191354841155466,47.57312658907873,28.607737652953162,7,-2.202085768700698,4
g138,Right,12.876746749201128,41.709447111952805,71.33305921805253,17.850141148693236,36.43793517552601,69.51721747606253,7.471329947254568,3,-1.815841741989999,1
g138,Left,91.45925299264832,41.27775678683991,70.93697977529148,87.845757449641,37.087377241891154,69.4122092921815,5.739473477264453,2,-1.815841741989999,1
g139,Right,33.94213340902705,34.3292514709014,52.34526877841831,42.434302468331026,30.440042507254077,52.57902547503859,9.343314395220213,6,0.23375669662028287,1
g139,Left,73.00323027676991,32.955677707523776,53.416818422221155,61.42168717864767,30.933640839096235,49.644583790056096,12.347085799938728,6,0.23375669662028287,1
g140,Right,33.75497025061989,34.81105141044865,50.0910907142811,57.12299001574769,40.00878386349692,45.60150027944616,24.356461004617156,6,-4.489590434834945,3
g140,Left,75.71990162539788,31.27306516003328,51.404051732663255,51.805316104908535,41.71949713406225,49.738903786238744,26.149723885507765,6,-4.489590434834945,3
g141,Right,38.52356438176841,71.89944305620314,41.72139937965551,42.6517731677026,72.22145004614961,41.736931829438184,4.1407774075449755,13,0.015532449782675428,1
g141,Left,63.60537082810258,71.34284501366272,39.36171308290499,65.83464746778331,72.12316368581662,40.94949418402002,2.8459832029364285,14,0.015532449782675428,1
g142,Right,36.34853479562123,69.8651830042543,43.141523154677955,41.96391922722075,72.60662350742733,48.43511041199004,8.189633959943798,4,5.293587257312083,1
g142,Left,70.42306718264268,69.70261539754709,40.91929141579667,64.73890129162655,71.27463673505487,45.05463319730513,7.202919172950684,4,5.293587257312083,1
g143,Right,39.7884485509275,73.98322344641782,44.30463943256408,60.2715386550057,73.93677862335511,41.24104698381274,20.71098104932313,11,-3.0635924487513435,3
g143,Left,64.91109580337799,72.96015683474027,43.03980729713641,49.96524958341042,74.21098164801408,43.32591144019106,15.000824561506391,11,-3.0635924487513435,3
g144,Right,38.07266726581931,70.62673634413174,39.83787934194014,51.92933602537434,69.57588097936588,40.311217929720726,13.904517809991384,3,0.4733385877805887,2
g144,Left,68.84562854321949,68.20615968383869,38.45041213276591,52.75126595573357,69.82150214371859,41.6057492820659,16.480108946421133,3,0.4733385877805887,2
g145,Right,40.863365658028286,63.28255465463111,52.71174024867563,33.60799986798962,52.91953060502825,52.707732267595,12.650399846005781,4,-0.004007981080633272,2
g145,Left,65.03611291279677,61.67453334359718,52.52256066128271,41.152897499440556,48.42042444516755,49.871992258629874,27.44275667693297,4,-0.004007981080633272,2
g146,Right,54.04373367872178,53.63483580679717,40.42417070436223,66.30225471492939,55.80028532996685,37.53116863568155,12.780061447502161,2,-2.89300206868068,2
g146,Left,53.44417367112426,61.94423556393659,44.24456473529222,41.263457074750065,54.42772372873794,36.089493397793056,16.47340266883462,2,-2.89300206868068,2
g147,Right,43.351338683051004,71.29758141065959,48.236818846330166,49.26397726417294,77.93207366774243,72.58928106903862,25.923313808398532,9,24.352462222708454,3
g147,Left,62.32079905689303,69.6671382312138,48.5659848054041,52.318630169856085,78.40079374739369,79.56977752836707,33.72766348753736,7,24.352462222708454,3
g148,Right,40.551099019583305,71.41238538247569,43.96500002999614,53.34893205510235,73.09705816854768,46.51671012294703,13.158034701262254,6,2.5517100929508914,2
g148,Left,65.03122048088862,70.36345625286239,41.1035209932363,52.715476433372,73.43026732514531,46.976332237016805,13.984734302162947,6,2.5517100929508914,2
g149,Right,42.785354350636915,74.90972777487289,44.33694184959936,49.322424186579454,77.76822694594827,46.32741918556773,7.407178921561985,8,1.9904773359683645,1
g149,Left,65.43739494769376,73.80167007710116,44.687397558862976,49.904248549447836,78.44615753776195,46.20649323691778,16.283659063019602,8,1.9904773359683645,1
g150,Right,41.23332740819538,70.61142780248106,43.278305055192675,60.62245917959163,70.28301500507331,41.75824733710359,19.45139741202135,7,-1.5200577180890846,3
g150,Left,66.40016946463903,69.67945930770684,40.94219042580751,47.5260316910837,71.39783820030401,45.07169765563877,19.39687430167295,7,-1.5200577180890846,3
g151,Right,34.363575088777324,34.491741667980016,37.50836869034296,34.12550572680399,51.70451556988623,44.4651525865352,18.566989648232525,4,6.956783896192235,3
g151,Left,72.5987746677657,33.18207641948092,35.737108286030654,72.46624208378395,51.66895786046415,45.05812908964579,20.704197137783755,4,6.956783896192235,3
g152,Right,50.59116250586256,32.87125121281623,36.68489320403828,65.67308908549671,40.77725844115744,38.65386690716199,17.141946129061637,2,1.9689737031237087,2
g152,Left,53.46030251150451,31.638820854094824,36.8499435160353,47.82952958662407,53.44474806581383,39.554459201886736,22.682999589767014,2,1.9689737031237087,2
g153,Right,37.63546454917828,40.2692773137925,54.575194108368855,36.29820020977206,62.09851003682327,70.80863681024138,27.23652582736395,3,16.233442701872526,3
g153,Left,68.28042004132604,42.9270654320922,53.04902780653139,66.94230870797843,63.077449951896945,72.55027659315068,28.073604016478548,3,16.233442701872526,3
g154,Right,39.68503179931851,32.92544214221126,44.73099041815334,74.19648147166475,38.670319786852296,42.35997100754028,35.066586812581114,2,-2.3710194106130587,4
g154,Left,67.57506376176252,36.253817788692785,45.68647704034091,33.89179818683972,37.69675258500175,43.2864095498123,33.7994787619021,2,-2.3710194106130587,4
g155,Right,45.74633409891074,36.02901970272301,38.69161463133541,37.43145301123389,44.80501266182153,49.68217280604778,16.338533254612845,3,10.990558174712369,2
g155,Left,64.7727341959641,34.184888954813864,36.605956897270175,72.08997098861302,44.67596487900763,48.82633059615965,17.690171329509578,3,10.990558174712369,2
g156,Right,34.460793879430256,50.79312308923553,50.278980579924834,49.567683125739165,70.07068657590958,74.15912951282837,34.20678397249069,10,23.880148932903538,4
g156,Left,71.28048864771026,49.827865791462585,49.23106174973493,49.72764014030539,64.85254553543834,69.9568706502281,33.46379289279596,7,23.880148932903538,4
g157,Right,36.28965620667889,54.49520373076515,59.452598456252744,36.45975007406471,43.943706234157716,48.051445885894,15.535421181198565,5,-11.401152570358747,2
g157,Left,70.76191768007351,52.46810907385804,58.50410444624332,66.7344035030693,42.930402381214954,47.035142954609995,15.450753932977724,4,-11.401152570358747,2
g158,Right,34.45923814025567,47.37295157223851,51.464515172989245,43.69260840562582,42.02676541238206,47.146186014359365,11.510204152643658,8,-4.318329158629879,1
g158,Left,72.91105193009334,44.609870910704686,52.85274263874627,60.38271034253493,40.64880546381006,48.133733781536414,13.96131895644366,8,-4.318329158629879,1
g159,Right,32.76764147430326,43.08087443164772,48.7231992161826,69.64738558612883,52.60600625043266,76.80728726929105,47.32398613487363,4,28.084088053108452,4
g159,Left,72.72919641700706,41.86013394320557,46.66623460666583,35.474701649841904,56.42366209801292,86.89707741722358,56.731952600985004,4,28.084088053108452,4
g160,Right,34.51460010665287,41.09766551063935,39.36369820800839,69.84574943238432,45.8681207431641,53.16049743777462,38.22824904163327,3,13.796799229766236,4
g160,Left,70.29986134302851,41.95613175983535,40.126120977256804,37.269202333717324,48.193798771919944,47.31494757983564,34.37458584863218,3,13.796799229766236,4
g161,Right,36.78655959728288,38.03657364209843,50.028498608681986,49.36842624509429,63.15571918279683,72.02219950731524,35.679093601949006,10,21.99370089863325,4
g161,Left,68.51158140883284,39.797400423307565,50.53575817202573,47.516500153073125,67.85582083614747,81.32513534727592,46.64819546176938,11,21.99370089863325,4
g162,Right,37.830979535650094,34.22780106358248,46.58891273793974,39.82121010846835,40.98387044248042,43.59270124422319,7.65393849599943,3,-2.996211493716544,1
g162,Left,68.47966895177319,37.0557753299768,45.88630914367281,66.79155494358018,44.542731733330115,43.9427410878408,7.917177645981006,3,-2.996211493716544,1
g163,Right,35.3720886678602,43.11407005504469,52.79652247763788,32.35805609695669,55.20790531958248,52.273865199728036,12.474710993622141,5,-0.5226572779098433,2
g163,Left,69.20348712962755,46.00132751103255,52.493489822004,74.99668681850352,54.902206585706445,53.10591704605606,10.637757190400634,5,-0.5226572779098433,2
g164,Right,31.1215843027957,45.69246452118107,49.602798519268404,39.06351260442171,57.37533068980103,72.39854349654274,26.81808300626615,4,22.79574497727434,3
g164,Left,74.271379508612,44.95307508231548,49.26828795052563,65.21626986068767,55.48860871721601,77.72371958454993,31.665502825420017,4,22.79574497727434,3
g165,Right,28.149014158974936,45.26928606760592,44.48170042056947,69.87174355958787,54.1648094634624,59.78262063155925,45.321458983864105,3,15.30092021098978,4
g165,Left,74.31040349195835,46.06023862205821,44.24265388169088,35.04201715413316,55.224127325737314,57.79995248796676,42.5415487171053,4,15.30092021098978,4
g166,Right,30.9071861716667,46.69366748018382,47.52717497833069,38.782661255265154,51.18781769481631,54.290547151561775,11.312104008437062,6,6.763372173231083,1
g166,Left,75.81061326551249,47.275996193735885,48.07594018575462,71.3153605232484,47.20539716117421,49.88395470750194,4.845740186089286,6,6.763372173231083,1
g167,Right,33.055230099654366,47.84374726953664,51.649710105162946,48.2255964952469,70.76572273950248,76.65329685998383,37.15826054362734,6,25.00358675482088,4
g167,Left,74.15536168031137,48.045174589354886,50.54755944355407,49.14664994419424,70.90151027563182,76.42065946674234,42.62939183842392,7,25.00358675482088,4
g168,Right,29.59692385583155,48.52699224327524,47.047485981021545,32.78077657211818,61.06848625629325,60.697731689637315,18.808381060132625,3,13.65024570861577,3
g168,Left,74.27688095793692,49.66986054213729,48.46132410706686,69.10918778634198,75.59502534708061,69.60816692122783,33.85274263462345,4,13.65024570861577,3
g169,Right,34.499213328934395,40.216558108708945,51.449763530700736,49.1984087792552,48.12602864531702,44.133665399329736,18.225020244818754,3,-7.316098131371,3
g169,Left,72.65335008735704,43.15692961326781,50.36031925389219,54.267686663841204,47.15357567675193,44.761585270430096,19.630374970874716,3,-7.316098131371,3
g170,Right,35.75788327069966,53.0773771161899,53.05864567261257,46.380809262590326,56.81058914519108,60.239369210203236,13.354632874249072,5,7.180723537590666,2
g170,Left,69.56585189502324,53.54687161495885,54.25895381075076,58.951614735322224,56.52795423076709,59.76236001153205,12.32218989690753,5,7.180723537590666,2
g171,Right,32.52201670909888,39.806449819105225,40.43061399277554,41.762100469529,43.616869362662726,48.617162665029234,12.919675853552524,4,8.186548672253693,2
g171,Left,72.83815592653094,39.594557639065286,41.20612375319937,66.60599741800819,42.05769323091043,48.02771200680728,9.562473682103825,4,8.186548672253693,2
g172,Right,36.23588885591701,36.08437093442719,43.312925600619465,54.833856371975635,29.545427390272515,43.674315270852944,19.71732184896735,2,0.36138967023347845,3
g172,Left,67.98260548886701,40.234824717878176,45.43300393031863,52.02875356353488,29.40486766177334,43.79099839841912,19.352249049123134,2,0.36138967023347845,3
g173,Right,35.763581949517345,39.597371861760124,49.19380129856826,57.007574406291326,62.07816202706249,78.83947203827425,42.843423480936785,6,29.64567073970599,4
g173,Left,69.97247011503414,41.51249002924257,49.1747460509843,45.47985278604224,63.90000705596557,88.42158688213338,51.39458860105602,6,29.64567073970599,4
g174,Right,35.612706701965315,42.857345579402136,49.132399220789864,37.14186834303432,46.82312163262,52.43048179950767,5.379875809424878,8,3.2980825787178034,1
g174,Left,70.56594492700569,46.68627559289198,48.82209771789149,68.9504730437639,45.8546222679946,51.14373826775163,2.9481199943544563,8,3.2980825787178034,1
g175,Right,34.075176543022145,31.92788031111685,46.08281985852493,42.114902653530955,39.52764888688332,49.896254579452396,11.701964053439053,10,3.813434720927468,2
g175,Left,71.58064333173584,30.389320124114978,46.46389971532779,60.89950799116208,40.231620534849576,48.0861507975508,14.614692200404834,10,3.813434720927468,2
g176,Right,33.499869582943894,33.51547731166804,55.92340390980069,34.543258815616795,35.36542628197375,57.33630222595392,2.550931973883568,7,1.4128983161532318,1
g176,Left,72.97949053717018,35.436395877225664,56.627759096818636,70.3579241845091,35.41954706762928,56.373530941846724,2.633918369762043,7,1.4128983161532318,1
g177,Right,42.29214503286737,29.808674089470887,50.969257973154654,52.414049502672384,34.46718790112846,54.0270902281926,11.554438070681481,2,3.057832255037944,2
g177,Left,66.23414838721213,29.79901868713501,52.6388432697347,53.938064361883676,33.351757734668084,53.35865856268134,12.819273425345278,2,3.057832255037944,2
g178,Right,41.19577436838834,39.22249970943328,53.375372499717145,54.13370180314006,37.56905359076017,55.16292822871553,13.165075231783955,6,1.7875557289983846,2
g178,Left,64.71032824892012,38.91566523336368,51.75745608048072,51.98156277894821,36.106198686895326,54.04255647153176,13.233905563455396,6,1.7875557289983846,2
g179,Right,33.81463845186647,60.68007752981344,51.80432023500002,32.91090727199137,45.74925541716477,53.25376714706504,15.028209319673843,3,1.4494469120650209,2
g179,Left,72.97091779057726,61.11234611974189,52.2973515102698,72.64958897896962,44.71888501197518,53.65368636399183,16.452612665848854,3,1.4494469120650209,2
g180,Right,15.173112777692278,38.61386184514085,70.75040672803631,23.707083159667995,32.92072829032345,61.47778086455823,13.828304688481133,1,-9.272625863478083,2
g180,Left,88.37789590106955,36.74162230894328,68.21821207854761,83.70153715699304,33.48900391320283,62.54046595461336,8.04267732657853,1,-9.272625863478083,2
g181,Right,74.51798522650947,50.942035568540334,48.321476110338615,82.2883455678499,29.31000933949322,56.29542958597171,24.32913875664364,4,7.973953475633095,3
g181,Left,33.937783956605294,53.65861557430179,48.85545283144236,23.328764756787237,28.593508101514253,55.42756329741732,28.000063160312255,4,7.973953475633095,3
g182,Right,36.73100110418702,29.931160208636292,49.62343934263202,46.95602679517056,39.59261518677158,54.78454288425777,14.98438695586811,3,5.161103541625749,2
g182,Left,68.32109488985358,29.21312078101841,48.802793084601596,53.92762799151608,37.66115805178528,53.74056462602312,17.40467784467945,3,5.161103541625749,2
g183,Right,34.79571311313127,36.19207854741826,54.64474902113044,27.198406207308228,34.74509382000813,57.129553989597696,8.123243979713047,1,2.484804968467259,1
g183,Left,71.15639326887282,34.37399283882166,53.76913607021198,79.5262072725992,36.18025312467585,57.499733222454374,9.339899238725613,1,2.484804968467259,1
g184,Right,39.445785234254934,34.47214587092131,52.143414195610305,50.69810431377287,47.23524918937778,58.11980909932847,18.03410067150748,4,5.976394903718166,3
g184,Left,64.06159399309199,33.50397030701928,50.93523084256934,56.221805150467915,49.987087528748944,57.11479666237871,19.27024847176523,4,5.976394903718166,3
g185,Right,33.995667180849225,38.717960636403475,55.35742522452322,42.21969456051001,61.49550639830316,112.15068107640883,61.74078981949116,3,56.79325585188561,4
g185,Left,69.52083761789969,37.6453233115132,53.15860023494267,58.572176033419936,62.89624841969371,117.25679784724369,69.75715982217163,3,56.79325585188561,4
g186,Right,37.55658143540121,42.99647256587823,52.26636339837282,50.54983763445282,34.69820225914405,49.353272527575584,15.689872375495648,4,-2.913090870797234,2
g186,Left,69.31556670760429,45.76713612620115,51.48172657927265,50.21584842005333,35.74669065110862,49.76182843327869,21.637158219500648,4,-2.913090870797234,2
g187,Right,36.665660376097016,39.60576995627618,52.58361870601249,52.98786123854469,38.671320192275914,56.56771363567361,16.827372039747598,12,3.9840949296611257,2
g187,Left,68.72474247725508,40.85911573043296,52.655937036677734,52.265146225841725,38.6144808535935,55.0060254617111,16.777354085055855,13,3.9840949296611257,2
g188,Right,29.994262237424525,35.57316383538855,47.42385678784344,72.18599506510084,36.4252342523033,41.81195386418269,42.57184277691057,6,-5.61190292366075,4
g188,Left,75.27216423356612,36.013582812154894,46.73092237632555,33.89511103693286,38.339890164309494,42.44892071226705,41.663026478938214,6,-5.61190292366075,4
g189,Right,37.67713530413452,30.065941837868927,42.65222330628677,43.9221779859557,34.558993792273895,42.852436895576325,7.695983331848297,6,0.2002135892895538,1
g189,Left,68.22637160348894,29.98979247625186,41.9706986029864,60.84786054488249,35.653904774765905,42.52378983800037,9.318288656529433,6,0.2002135892895538,1
g190,Right,29.91863624142938,32.16453423348682,46.422092492069226,61.8387211162944,44.24779973023591,53.681176621366326,34.894002720807585,12,7.259084129297101,4
g190,Left,75.89221088673143,31.31500444590379,46.23384835141452,48.88233287861982,43.152482100158,53.44225291365577,30.358202904008984,12,7.259084129297101,4
g191,Right,28.70224932345972,30.998354208723132,43.93694965683994,57.45887250566472,38.92840780927503,47.04078087800694,29.99104691737931,6,3.103831221166999,4
g191,Left,77.79871906977331,29.727657793852483,42.12326763445156,50.98966286339432,36.91803095355907,46.15156152984183,28.047354822875104,5,3.103831221166999,4
g192,Right,29.074248855364445,40.88934689746509,50.54729526307588,51.502526285688404,42.549818964843624,55.65505215506178,23.06239312052747,9,5.1077568919859,3
g192,Left,75.46781734682735,41.63012111411576,51.39298024861301,56.22907040441728,39.29011584810183,49.105514808650966,19.51505846002226,9,5.1077568919859,3
g193,Right,27.12078928058424,38.627916366375985,56.83644246583276,25.58219344176308,33.78408952808944,50.04656636085928,8.481294306615746,2,-6.78987610497348,1
g193,Left,79.0929319997914,38.04851824563998,56.285414268812225,80.93607662614176,33.657841818859325,49.327083459867715,8.431701444254173,3,-6.78987610497348,1
g194,Right,25.794803559993046,42.739633557813015,54.47963291662042,27.124045277852275,33.15904114478672,47.003952107739636,12.224583350172013,4,-7.475680808880782,2
g194,Left,75.65435854089877,47.146417494599724,57.679914048349424,78.97871772393489,33.091079714820246,45.59723950580547,18.83069059229036,3,-7.475680808880782,2
g195,Right,24.981243142815057,30.77975568553886,49.91976429066134,47.33463713062448,65.48646265361072,98.58421999867657,63.81582077117882,6,48.66445570801523,4
g195,Left,78.84114294275336,29.83952087167786,49.11741922977814,56.572170616041994,63.48524485955676,94.52244088531842,60.74173081742442,6,48.66445570801523,4
g196,Right,24.79138271559548,27.568524269192597,46.817876950683676,28.206157271740803,28.653674261686263,48.240077223108905,3.8549824111651794,2,1.4222002724252292,1
g196,Left,81.28469975293285,26.459952670611685,45.74758591424094,76.19478276030681,27.44437101315553,46.4331277596698,5.229369186316274,2,1.4222002724252292,1
g197,Right,21.95686958838101,29.413659768747024,49.73576215593569,34.9994387248036,38.05427316567152,44.10530821284435,16.627411739616814,3,-5.630453943091339,2
g197,Left,81.54016295986938,30.335028654433657,46.389722510738196,68.92226906547823,43.32870943021535,46.778683242044686,18.116243453970544,3,-5.630453943091339,2
g198,Right,24.415720976412803,34.92350853927132,47.95194634330257,55.40363432350407,27.10420489071018,43.798654534757524,32.227971019010276,3,-4.153291808545049,4
g198,Left,82.12144433851864,32.395098762234305,43.04964572951537,46.68330857106198,27.974435273372293,45.80587253108465,35.818996615429334,3,-4.153291808545049,4
g199,Right,25.133404637011143,36.695072627677526,48.862603472619014,43.83416341713818,53.67571422669619,67.9300598834662,31.648514373448545,4,19.067456410847186,4
g199,Left,75.66671937416082,32.45679295315771,45.83721042661488,58.12689803017798,65.68695158255225,80.49010319728733,51.11469214119638,3,19.067456410847186,4
g200,Right,30.486130426225742,31.051824867720306,44.319637791687704,50.62896664703797,60.0774057931313,61.97267806651773,39.494911444650924,4,17.653040274830026,4
g200,Left,76.20444499601516,31.071127472655803,43.14286238060422,49.98590491429524,67.28592766156255,68.15738208962162,51.23133604554945,4,17.653040274830026,4
g201,Right,30.119123002175332,35.222689527962615,50.6970310009513,47.15060518180018,54.73280717219157,90.80280056126003,47.74085072295129,8,40.10576956030873,4
g201,Left,74.91790299913083,34.21730217393443,49.540271588272525,49.58855435285355,57.00525313077744,83.39453027797242,48.03100501848022,7,40.10576956030873,4
g202,Right,33.297129263561686,32.004679648710585,51.86902848751833,45.94073237612959,36.48034614889779,46.515999026420104,14.441163897013988,6,-5.353029461098224,2
g202,Left,70.79026727548406,33.03643777963099,51.47846045834285,59.540050671249645,37.24361044070528,46.36870796873244,13.052863515235362,6,-5.353029461098224,2
g203,Right,51.27873631731373,35.054981735799814,36.098260966137495,62.01705305293939,48.9504975524759,48.07866673603717,21.25857305976953,11,11.980405769899676,3
g203,Left,58.034781242029815,34.08433653327874,35.69933240358618,48.77851789496517,49.47612576321121,47.296069903318134,21.379193331053603,11,11.980405769899676,3
g204,Right,26.075290542355216,23.99760827082995,49.73779811156381,34.23731542546011,30.252198311929515,33.00454936465899,19.6402688474582,3,-16.73324874690482,3
g204,Left,76.47165352427932,30.652128491604376,34.71941065121001,69.54923711880816,32.97163978067759,34.267108072721804,7.31468106846644,2,-16.73324874690482,3
g205,Right,58.79461775384577,39.92411082644287,47.11605569515045,57.98913470263907,73.90521535356166,124.1617844537739,84.21050164781191,4,77.04572875862345,4
g205,Left,52.31469838697615,41.182652629744744,49.479368966502165,49.54133373332156,68.40883634689334,111.74539414106685,68.014811051282,5,77.04572875862345,4
g206,Right,35.29686719472076,41.71224726913431,46.585562360035276,43.875043319123115,47.763352214136184,53.40748333054419,12.519567979948908,3,6.821920970508913,2
g206,Left,69.19342648505565,38.766437816554586,44.3305780513045,57.235471684310305,52.572060942825686,61.700304380320716,25.205065079587065,2,6.821920970508913,2
g207,Right,61.849592281023796,52.81970802768112,58.097898029412576,72.4112350202668,73.83198625410013,70.44737329999774,26.562636786935162,4,12.34947527058516,3
g207,Left,50.19451423626895,67.99310217619255,66.81424000522259,49.462283640830975,70.18128055880932,93.19381453859603,26.480299070079468,5,12.34947527058516,3
g208,Right,51.765344384585745,80.31302119416368,61.630333821744024,38.90164745948792,72.95638015570418,95.23907162603902,36.73067005579078,1,33.608737804295,4
g208,Left,59.954591428493806,77.4765339878584,61.36299741327022,60.287992867559275,74.51737837398181,53.192133167938756,8.696595942226153,2,33.608737804295,4
g209,Right,47.48249589884349,50.023454831238126,48.75163904346876,55.918391559626265,17.80906945432702,27.108005304788012,39.71621636341908,3,-21.643633738680744,4
g209,Left,62.931363422142475,49.36924861252145,48.143208228564525,54.90897024695681,18.233383568583587,26.827820969576145,38.57650344824193,3,-21.643633738680744,4
g210,Right,52.48294766281355,61.322056256738804,65.19113719622544,48.48629290814928,66.5816196372016,75.6162120777822,12.341735796359897,3,10.425074881556753,2
g210,Left,70.62842536725559,47.97596254437798,57.40247016381393,45.697289335330524,57.590710704588766,60.75103404289199,26.929868289297207,3,10.425074881556753,2
g211,Right,35.86502072204776,66.8838768229109,49.748561854823905,66.64862021427486,36.446699491570534,54.484025272351836,43.54855193202238,2,4.7354634175279315,4
g211,Left,71.53423160351682,66.28757717748788,48.08724593990136,43.945983667936666,41.63041536083916,52.93110045296494,37.31688598411138,2,4.7354634175279315,4
g212,Right,47.940465050948475,64.1205169807024,48.50214926228752,60.0547525498008,75.10635720248676,55.476123838511725,17.778666102192435,5,6.973974576224208,3
g212,Left,57.02947905667888,62.99237241695312,46.9602292527289,51.5709102835963,75.69845071124821,54.84774786266953,15.920218230080549,6,6.973974576224208,3
g213,Right,38.12967976250501,35.07668024678461,56.12144860890772,43.232835357539805,65.64397201901532,99.5036984126326,53.31436130489238,3,43.38224980372488,4
g213,Left,65.93161776041767,40.768204609843195,60.425223760732294,58.98460793945785,68.3488584500935,110.95734007698425,57.986620794002505,3,43.38224980372488,4
g214,Right,37.22661320986745,38.732134141675,55.836731324551295,37.92749950540006,40.6329897700047,55.33937628161691,2.086110197892333,2,-0.49735504293438737,1
g214,Left,68.54801177289484,37.34069418314312,53.70323280218455,66.8427263086582,41.869674333969364,54.38119007684623,4.886643611660416,2,-0.49735504293438737,1
g215,Right,46.209025154879285,32.49479828591932,52.63530132788061,61.5928978212197,48.11029937054404,75.48549272256469,31.66446997995996,3,22.850191394684074,4
g215,Left,59.453462242623864,32.79650374020979,52.189247385774124,50.604890324485304,57.7620530275255,74.11090221056381,34.382187633498326,3,22.850191394684074,4
g216,Right,41.8775191282744,55.092997398261964,54.06054045110087,36.54118458258556,75.58396515284319,81.26707694435711,34.47538040198663,3,27.206536493256245,4
g216,Left,63.53466502449329,59.47787117257265,57.37021190179302,64.06629980114873,68.5995056608375,76.23132268295842,20.957775434731758,3,27.206536493256245,4
g217,Right,36.69301630548501,50.02507545861641,56.84377443727034,49.86195128331488,76.12365834262766,74.72774810283228,34.269423559120874,4,17.88397366556194,4
g217,Left,73.50439479423517,47.14715392890329,54.568780482741104,49.22806991232697,72.1278150088617,72.1045470466244,38.99841646460419,4,17.88397366556194,4
g218,Right,36.85837778067464,52.34798579082283,58.22186209865874,42.77829685115761,70.17836495680982,111.64748214345748,56.6327179303195,3,53.42562004479874,4
g218,Left,66.0118489017578,55.93339598466186,66.95323772333867,60.44850969299182,71.21322743215967,115.61952806742134,51.31112752678789,5,53.42562004479874,4
g219,Right,65.24133672601769,55.954507564748,49.36223386502987,69.21778935921623,26.229120023894712,58.83855010540975,31.451731422700323,6,9.47631624037988,4
g219,Left,44.941763309254306,53.4634089831076,53.31436987706568,36.93824586785413,27.062224390625943,57.3107383636573,27.87561300494951,6,9.47631624037988,4
g220,Right,40.02854349314354,27.795328263756815,45.552982323045185,59.327405547164076,58.2990697029956,101.3136802337122,66.4242406795645,2,55.76069791066702,4
g220,Left,67.60480358670384,28.843000952119414,45.74247256356709,40.63752663619851,45.982371080675264,74.93598096735579,43.28109249373183,2,55.76069791066702,4
g221,Right,35.929504992731154,28.152008236636465,46.18857483388436,56.785596219041516,37.75612882994203,66.04000495186982,30.35284091053416,5,19.85143011798546,4
g221,Left,69.38132869842151,27.842136718316382,46.75486646427587,51.94387939668007,41.80505997932186,71.74892696395703,33.522096062228165,6,19.85143011798546,4
g222,Right,27.77822904727788,19.3829031538309,46.38983689300685,67.65435769626582,22.18083747435962,30.5972027109165,42.98070924149528,2,-15.792634182090353,4
g222,Left,75.731558387978,19.339364429526547,42.72834903492651,38.31281343916113,21.961064074969013,30.82088048271757,39.3550961108897,2,-15.792634182090353,4
g223,Right,26.909754793985744,22.213482609537888,44.4857262836287,61.59989884960007,45.453642519176434,55.53728800249133,43.19314926757106,3,11.05156171886263,4
g223,Left,78.82790649129949,21.420803672477827,43.454270974441435,51.564176338851745,53.53523830387756,63.07311914567346,46.470927439484015,3,11.05156171886263,4
g224,Right,27.037532467875188,19.356790139718985,44.34036267803999,54.40952417903188,19.975018690771197,17.168995366800665,38.57319455709173,3,-27.171367311239322,4
g224,Left,76.3341051612832,20.245232994249886,40.240215070199454,55.24034111318542,20.11467080894841,16.521513369740976,31.741782220858127,3,-27.171367311239322,4
g225,Right,36.2033986316649,32.3227603308979,31.019255863752047,62.03488218248983,28.926753808451377,27.736446040109957,26.25976471858115,3,-3.28280982364209,3
g225,Left,69.40074733885717,32.04142835976826,29.890254476386698,45.1651772946402,32.674938675235985,29.906308109410592,24.243853827456647,3,-3.28280982364209,3
g226,Right,37.65547975458419,29.820606737550694,37.748596878656656,53.4639715572472,39.4572666537068,49.428990183277634,21.890756386318586,6,11.680393304620978,3
g226,Left,67.87739346298846,31.327489294538445,37.144566668763254,52.33738708548822,37.30059129254245,47.00223871631178,19.34795709857574,6,11.680393304620978,3
g227,Right,37.70245906175742,31.493562437283803,37.17641769369638,59.20851227333141,49.778054914593824,79.13832017028386,50.573058532646584,7,41.96190247658748,4
g227,Left,69.13618616475625,30.17279734770638,38.29534022671403,43.024996795600416,48.452944574135785,67.4363615804285,43.187464829849574,7,41.96190247658748,4
g228,Right,30.722106874343087,25.863074391822984,47.354585255054715,33.61877498725916,29.1840289011131,28.856456720451547,19.015787764167413,2,-18.49812853460317,3
g228,Left,76.09110072659688,24.59193105359925,48.14993762163006,72.18935180671306,29.726685190970116,28.393241008986465,20.78259862791717,2,-18.49812853460317,3
g229,Right,35.13248926583904,28.155138048284922,42.20028765176807,43.553627681990974,35.0818759816269,37.64010838259668,11.819073804159492,2,-4.5601792691713925,2
g229,Left,72.27681860682124,28.343509482858213,39.34927849125475,63.4857290522442,31.608607366843,35.155128864751546,10.27302345164715,2,-4.5601792691713925,2
g230,Right,57.109210289633836,32.44496555807518,37.59346442134536,68.5480861297906,26.443903392250796,35.0560978274599,13.164302368009364,5,-2.5373665938854586,2
g230,Left,47.886259005979674,33.335573145223194,39.32317085342381,35.549702825215,28.231692021473602,39.3256211910756,13.350663913479549,5,-2.5373665938854586,2
g231,Right,33.71881464874465,32.2446677842755,32.00974302492212,36.50326036690757,41.84823038234073,44.42211574957356,15.938900501227307,2,12.412372724651433,2
g231,Left,71.80445941925824,30.30995066371999,30.755866584179618,68.68121060760433,42.109509870178854,44.139388283186655,18.113611834032934,2,12.412372724651433,2
g232,Right,35.61500267201245,35.1849293841413,33.69196534945015,72.75855540127013,40.821993718999295,37.528530180892105,37.76425867632424,3,3.8365648314419545,4
g232,Left,69.1927462301503,37.19014766194577,35.35880867225142,33.84303735570285,41.88219048662051,39.82574624268486,35.938429495943765,3,3.8365648314419545,4
g233,Right,36.848988499756814,33.38549321749169,33.55433363574188,56.75158491543719,44.023487274922225,46.51032364798301,26.021874237815247,10,12.95599001224113,3
g233,Left,68.37601173765024,30.2741741251922,32.34807631979273,51.043125185063396,43.60708103252804,47.60961714893165,26.666645670650144,10,12.95599001224113,3
