Class,Group,System
S-AN_ORN33a,1,Olfactory-1
S-AN_ORN30a,1,Olfactory-1
S-AN_ORN35a,1,Olfactory-1
S-AN_ThermoWarm,2,Thermosensory-1
S-AN_ORN13a,3,Olfactory-1
S-AN_ORN67b,3,Olfactory-1
S-AN_ORN74a,3,Olfactory-1
S-AN_ORN22c,4,Olfactory-1
S-AN_ORN85c,4,Olfactory-1
S-AN_ORN47a-33b,5,Olfactory-1
S-AN_ORN24a,5,Olfactory-1
S-AN_ORN42a,5,Olfactory-1
S-AN_ORN42b,5,Olfactory-1
S-AN_ORN45a,6,Olfactory-1
S-AN_ORN82a,6,Olfactory-1
S-AN_ORN83a,7,Olfactory-1
S-AN_ORN94a-94b,7,Olfactory-1
S-AN_ORN59a,8,Olfactory-1
S-AN_ORN63a,8,Olfactory-1
S-AN_ORN1a,9,Olfactory-1
S-AN_ORN45b,9,Olfactory-1
S-AN_ORN49a,9,Olfactory-1
S-MNa_ACp,10,Gustatory-1
S-PNa_ACp,10,Gustatory-1
S-PNm_AVa,10,Gustatory-1
S-AN_ThermoCool,2,Thermosensory-1
BolwigsAxon_Rh5,11,Visual-1
S-PNp_ACpl,12,Gustatory-1
S-MNp2_ACpl,12,Gustatory-1
S-MNp_VM,12,Gustatory-1
BolwigsAxon_Rh6,11,Visual-1
S-LNp_VM,13,Gustatory-1
S-LNa_VM,13,Gustatory-1
S-PNm_NA,13,Gustatory-1
S-LNad_NA,13,Gustatory-1
S-MNa_NA,13,Gustatory-1
S-LNad_ACpl,14,Gustatory-1
S-PNp_VM,14,Gustatory-1
S-MNp2_VM,14,Gustatory-1
S-PNa_VM,14,Gustatory-1
S-LNad_ACp,15,Gustatory-1
S-PNm_ACa,15,Gustatory-1
S-MNa_ACpl,16,Gustatory-1
S-PNp_ACp,16,Gustatory-1
S-PNa_AVa,17,Gustatory-1
S-LNa_AVp,17,Gustatory-1
S-MNa_AVp,17,Gustatory-1
S-PNa_ACa,18,Gustatory-1
S-PNa_AVp,18,Gustatory-1
MB-AM_Mc|Mpl-Mp-Mv-Mm,19,
MB-AL_Mc|Mpl-Mp-Mv-Mm,20,
MB-PL_Mc|Mpl-Mp-Mv-Mm,20,
MB-PM_Mc|Mpl-Mp-Mv-Mm,20,
MB-AL_Mc|Mp-Mv-Mm,21,
MB-PM_Mc|Mp-Mv-Mm,21,
MB-AM_Mc|Mp-Mv-Mm,21,
MB-PL_Mc|Mp-Mv-Mm,21,
BLVa3/4_Mp|SL ,22,
Unbound_2-NA,22,
BLAv1/2_Mv,23,
DALcm1/2m_Mp|IA-IA*,23,
BAmv1/2_IA-L|IA-IC-Mv,24,
CP2/3v_SL-IC|IA-IA*,24,
BLVa3/4_MV-Mm|Mc,25,
DALv2/3_Mm|IA-Mm,25,
CP2/3v_Mc|IA-IA*,25,
DALv2/3_Mm|Mm*-IA*,25,
DALcm1/2m_SMal-IA|Ldor,26,
DALcm1/2m_L-Mp|L-V,26,
DALcm1/2m_SMal-IA|Vm*-Lm*,26,
CP2/3d_SM-IA|Mp-Mp* ,27,
DALcm1/2m_SM-IA|Mm-Mm*,27,
CP2/3d_SM|Mv-Mv* ,27,
DAMd1_Mm*-IA*||Mm-IA,27,
CP2/3d_SM-IA-Mv,28,
BAmd2_IA-M-SM,28,
DAMd1_SM-IA-M|IA*,28,
CP1v_IC-IA|L*-IA*,29,
DPMpl1/2_V-L|IA-Mv,29,
DALcl1/2v_IA|IA*,29,
DALv2/3_V-L|IA-IA*,29,
BLAv1/2_SL|IA,30,
CP2/3d_IP|IA,30,
DPMpl1/2_IP-V|IA,30,
BAla1/2_V|IA,31,
DALcm1/2v_IC|V,31,
DPMpm2_SM|V,31,
CP2/3d_Mv-IA|SM*,32,
DALcm1/2m_SM|IP-V-IP*-V*,33,
DPMpl1/2_SM|IA-IA*,33,
DPLc5a_SM|IP-IP*,34,
BAmd1_IA|IA-SL,34,
DALcm1/2m_IA|SL-IA,34,
BAmd1_IA-SMal|SM-SM*,35,
DALcm1/2m_SMal-IA|SM-IA-SM*-IA*,35,
DALcl1/2d_SM|IA-IA*,36,
DPMpm2_SM-IA|IA-IA*-SM*,36,
DAMv1/2_SM|SM*-IA*,37,
CP2/3v_V|SM-SM*,37,
DPMm2_SM-V|Vm-S,37,
CP2/3d_V-SM|L-V-L*-V*,38,
CP4_SM-IA|SM*-IA*,38,
DALcm1/2m_SM|Lm*,38,
CP1v_IC-SM|IA-IA*,39,
DALcm1/2m_IAlat|IAmed-IA*-SMal*,39,
CP4_SL-SM|SMant-SMant*,40,
DAMv1/2_SMmed|SMlat-SMlat*,40,
DPLc4_SMpos|SMant,40,
DPLd_SL|SM-SM*,41,
DPLam_SLlat|SM,41,
DPLc4_SL|SM,41,
DPLam_SL|SM,42,
DPLc1_SL|SM-SM*,42,
DPLm2_SLlat|SM,42,
DPLc4_SL|SMal-IA,43,
DPLl1-3_SL|SM,43,
CP2/3d_SLc|SMal,44,
DPLl1-3_SL|SMal,44,
BLAd1-4_SL|SMal,44,
DPLm1_SL-Mac|SM,44,
BLD2-4_SL|SM,45,
DPLc1_SL|SM,45,
BLD2-4_SL|ncc*,46,
CP2/3d_SL|SM,47,
CM4_SL|SM-SM*,47,
DPMpl1/2_SL|SM-SM*,47,
DPLam_SM-IC|SM-SM*,48,
BLAl_IC-SLl|SM,49,
BLAd1-4_VL|SM,49,
DPLm1_SL-VL|SM,49,
BLAd1-4_SM|SM-Mv,50,
CP2/3d_SM-IA|SM*,50,
DAMv1/2_SMal|SM-SM*,50,
CP2/3d_SLlat|SMal,51,
DPLp1/2_SL|SMal,51,
CP2/3d_SLmed|SMal,52,
MB-AM_SM|SMal,52,
BAla3/4_T|SM,53,
MB-AL_SL|SM,53,
DPLl1-3_IA|SM,53,
BLAv1/2_SMlat|SMmed-SMmed*,54,
DPMpm1_SM|SM*,54,
BAmv3_Ador|Mc-LH,55,
BAmv3_Aven|Mc-LH,55,
BAla1/2_A-Tdl,56,
BAlc_A,56,
BLAvm_SLl|IC-IC*,57,
BLP1/2_VL,58,
BLVp1_VLm|VLl-VLl*,58,
BLAv1/2_VL|IC-VL-IC*-VL*,58,
BLAv1/2_VLlven|VLldor-VLl*,58,
BLVa1/2_VL,58,
DPLal1-3_IC-VL|IC-IC*,59,
BLD2-4_VLm-IP|VLl,59,
BLAv1/2_VLlven|VLldor,59,
BLAv1/2_VLven|VLdor-VLdor*,59,
BLAvm_VLl|VLdor-SL-VLdor*-SL*,59,
DALl1_IC-VL|SL-SM-SL*-SM*,60,
BLVa1/2_VL-SLl,60,
DPLam_VL-SL|IC,60,
DPLm1_SL-VL|VLant-VLant*,60,
DPLal1-3_SLl|SL-SL*,61,
BLAv1/2_SL|IC-SL*-IC*,61,
BLAv1/2_SLpos|SLant,61,
BLVa3/4_SLl|IC-IC*,61,
DPLl1-3_SL-VL-IC,62,
DPLal1-3_IC-VL|IC,62,
BLD2-4_SL|SLl,62,
DPLl1-3_SLl|IC-SM-IC*-SM*,62,
BLD2-4_VLl|VLm,63,
BLVa3/4_VLcen,63,
DPLal1-3_VLl|VL-IC-VL*-IC*,64,
DPLal1-3_VLm|VLl-VLl*,64,
BLD5/6_VL|IC-V-IC*-V*,65,
DPLal1-3_VL|IC,65,
DPMm2_VL-SM|V*-S*-N*,66,
BAla3/4_Vm|IC-SM-IC*-SM*,66,
BLAv1/2_IC|V-S-V*-S*,66,
BLVp1_VLpos|VLant,67,
CP1v_VL|IC-IC*,67,
DALl1_VLven|VLdor,67,
BLAvm_VLven|VLcen-VLcen*,68,
BLP3/4_VLcen|VLant,68,
BLVa3/4_VLpos|VLant,68,
BLAv1/2_VL|IC,69,
BLP3/4_VLl|IC-IC*-V*,69,
CM4_IC||N,70,
DPLal1-3_VL|IC-IC*,70,
BLP3/4_VLm|VLl,71,
DALv1_VL|VL*,71,
BLD2-4_VLm|VLl,71,
BLVa3/4_VLpos|VLcen,71,
BLP3/4_VL|VL*,71,
BLVp2_VLpos|VLant,71,
BLD1_LO|SL,72,
BLP3/4_IC|SL,73,
DPMpl1/2_IC-SL|SL-SL*,73,
BLAl_SL|IP-IP*,74,
BLVa1/2_SL|IP-IP*,74,
DPLam_SL|IC,75,
DPLp1/2_Mc|SL,75,
BAmv3_Tdl|SLpv-Mac,76,
BLD2-4_SL-LH|T-IA,76,
BLP1/2_SL|Mac-SL,77,
CM4_SLc|SL*-IC*,78,
DPMpm1_IC-SL,78,
CP2/3v_IC-V|SL-IC,79,
CM1/3_IC-V|V-IP-V*-IP*,79,
DPMm1_SL|IC,79,
BLVa3/4_SL|Mac,80,
BLVa1/2_IC-SL-Mac,80,
BLVa1/2_SL-LH|SLc-SLc*,80,
BLVa1/2_SL-SM,81,
DPLp1/2_SLlat|SLmed,81,
BLP1/2_SL,81,
DPLp1/2_SL,81,
DPLc1_SL|Mac,82,
BLP3/4_Mac,82,
BLP3/4_Mac|SL,82,
BLAd1-4_Mac-SL,82,
BLVa1/2_SLpos,82,
DPLp1/2_SLc|SLl,83,
BLAd1-4_SLpos|SLant,83,
BLD5/6_LH|SL,83,
BLAd1-4_SL,84,
DPLm2_SL|SM,84,
DPLc1_SL-VL|SL*-SM*,84,
DPLm1_SL-SM,84,
BLD2-4_SL,85,
DPLm2_SL,85,
DPLc3_SLl,86,
DPLp1/2_IC|SL,86,
BLAl_IC|SM,87,
BLVa3/4_VL-SL|SM,87,
BAlc_A-T|SL,88,
BAlc_A-T|SL-Mc,88,
BAlp4_A|SL,88,
BAlp4_Tdl|SL-V,89,
BAmv3_Tdl|SL,89,
BAlc_A|A-T,90,
BAlc_T-A|*,90,
Unbound_4-NA,90,
BAmv3_T|SL,91,
TRdl-e_A-T|SLP-SLP*,91,
BAla1/2_A|IA,92,
BAla3/4_T|VLm-SLl,92,
DALd_Ldor|N,93,
MB-AL_L-V|Lven*,93,
DALd_Lcv|N,94,
CP1v_L-V,94,
DALcm1/2v_V|L,94,
DALd_Lcv-Vc|N,95,
BAla3/4_S|L-Vlat,95,
DPMl1_L|N*,95,
DALv2/3accm_Lcv|Lcv*,96,
BAmv1/2_L|V,96,
BAmv1/2_V|L,96,
DALcl1/2v_Lld-Llv|Lld*,97,
DALv2/3_Lcen|Llat,97,
DALv2/3accvm_L|S*-N*,97,
DPMpm1_Vl|L,97,
CM4_Ldor|Ldor*,98,
MB-AL_L-V|Ldor*,98,
BAlp1-3_Vlat|L-Vm-L*-Vm-L*,99,
BAlp1-3_V-L|L-V,99,
DALcl1/2v_Llv|Llv*,99,
DPMpl3_Ldor|Ldor*,99,
BAmd2_V-L|S,100,
CM4_L-V|Lven*,100,
DPMpl3_V-Lven|Lven*,100,
DALcl1/2v_Ldor|V*,100,
DALcm1/2m_L|L*-V*,100,
DALv2/3_Llv|Lm-IA,101,
DALcl1/2v_V-Lm|Llv*,101,
DPMpm1_V-IA|Vpos-Vpos*,101,
MB-AM_Vl|Lld,102,
DPMm1_L-V-L*-V*|N*,102,
DALcl1/2v_L|Lld*,102,
DALv2/3accl_Lld|Lld*,102,
BAmv1/2_Vpos,103,
BAlp1-3_V|Vm-L-Vm*-L*,103,
DPMm1_V-L|V,103,
DPMpl3_VL-SM-S|V*-L*,104,
BAla3/4_T-V|Vm-Vm*-Lm*,104,
MB-AL_IP-V|L*,104,
BLAv1/2_VLm-IC|L,105,
DALcm1/2v_Lcv|Vc,106,
DALv2/3_Llv-Vl|Lcv,106,
DALcl1/2v_L-IA|Lcv*,107,
DALcm1/2v_Lcd|Lcv,107,
CM1/3_Vm-Lm|Lven*-Vven*,108,
CM1/3_Ldor|Ldor*,108,
DPMl2_IA-V-L|V*-L*,108,
TRdm_Tmed,109,
BApd_Tlat|Tmed,109,
TRdl-a/b_Tdl-Tin|Tdm,109,
BAlc_T-A|T,110,
BAmas1/2_A-Tdl|T-T*,110,
BAla3/4_Tdl,111,
BAmas1/2_Tdl|T,111,
BAla1/2_Tdl,112,
TRdc_Tdor|Tdor*,112,
Unbound_3-NA,112,
DPMl1_Tdl-Tdm,113,
TRdl-a/b_Tant|Tpos-S,113,
TRdc_Tin|Tin*,114,
TRdc_Tven|Tven*,114,
BAmas1/2_T|Tpos-S,115,
TRdl-e_Tdm|T,115,
TRdl-c_Tdl-Tdm,116,
BAmas1/2_Tin|Tdm,116,
BApv_Tcen|Tcen*,116,
BAmas1/2_T|SM-SL-SM*-SL*,117,
DAMv1/2_T|SM-SM*,117,
BAmas1/2_T|SM,117,
DILP_SM-Tdm|ncc*,117,
BAmas1/2_Tdm|SM-IA-SM*-IA*,117,
TRdm_Tdor-SM,117,
DPLc5p_IP|V,118,
BLP3/4_LO|IC,119,
DPLal1-3_IC-SLl,120,
BLAl_SL|IC,120,
DPLal1-3_IC,120,
BAla1/2_Tdl|IClat,121,
BAla1/2_Tdl|ICmed,121,
DPMpl1/2_IC-V,121,
DPMl3/4p_IP|V,122,
BLP3/4_IC|V-V*,122,
CP1v_IC|IC*,122,
BLD1_V|IP-IP*,123,
DALv1_IPlat||IPmed-IPmed*,123,
BAla3/4_Tdl-S|Vlat,124,
BAmv1/2_V-VL|Vpd,124,
BAla1/2_IA|SL,125,
DPLc5p_IP-V-T,125,
BLD2-4_SL|IC,126,
DPMm2_V-SL|IP-IP*,126,
BAlc_Tdl,127,
BAmd2_Tdl|SL*,127,
DPMl1_Tdl,127,
BAla1/2_A|T-S,128,
DPMl3/4a_SL|A-T,128,
BAlc_Tdl|SLl-SLl*,129,
BAlc_Tdm|SLl,129,
BLAvm_T|SL-VL*,129,
BAlp1-3_T|SL,130,
BAmas1/2_T|SM-SL,130,
CP1v_SL|SLl-T,130,
BLAl_ICven|ICdor,131,
BLVa3/4_SL|SLl,131,
DPLp1/2_SLpos|SLant,131,
BLAv1/2_IC|SLl,132,
BLAv1/2_LH|VL-VL*,132,
BLP3/4_SLpos|SLant,132,
DPLm1_V-SMpos|SMant,133,
BLD2-4_IC|SLl,133,
DPLl1-3_SL|SM-IC*,133,
DPMl2_SLc|SLpv,134,
DPMpm2_SL|IP-IP*,134,
BAla1/2_Tdl|Mac,135,
BAlp4_T-Mac|Mac-SL,135,
BLD1_LO|SL-Mac,136,
OLP_LO-SL,136,
DPLd_IC|Mp*,137,
BLVp2_IC|IA-SM-IC*-IA*,137,
DPLc5a_SM-IC|IP-IP*,137,
OLP_LO,138,
CP2/3v_V|IA,139,
BLVp2_Vpv|IC-IC*,139,
BAlv_IC|SL,139,
CM4_IC-SL,139,
DPLc5p_IP|IC,139,
DPLc4_SLlat|SLmed-IC,140,
BAlc_IC-V|T*,140,
BAlc_Tdl|IC,140,
TRdm_Tv|T,141,
TRmotor_Tin|mot,141,
TRmotor_Tvant|mot,141,
BAmas1/2_Tvlat|Tvmed,142,
Unbound_1-NA,142,
BApv_Tv|Tv*,143,
TRmotor_Tvdor|mot,143,
TRdc_T|T*,143,
TRdl-e_Tdm-Tdm*|Tv,143,
BAmas1/2_Tv|Tdm,144,
TRdl-e_T|Tin*,144,
BApd_T,145,
BLVp1_T|SL,145,
DILP_SM-SM*-T|T*,146,
TRdm_T*-SM*,146,
BAmas1/2_T-S|S*,147,
TRdc_Tv,147,
BAla3/4_T-S,147,
BAmas1/2_T-S,147,
CP1d_T-T*|N*,147,
TRdl-c_Tmed|Tmed*,148,
BAmas1/2_T|Tv-Tv*,148,
BApv_T|T*,148,
BAmas1/2_T|T*,148,
BApv_Tv-S,148,
BAmas1/2_Tv|Tv*,149,
TRmotor_Tvpos|mot,149,
BAlv_Tvmot,150,
BAmas1/2_Tvlat|Tvmid,150,
BAlv_T|T*,150,
BAmas1/2_Tv|Tin*,150,
BAla3/4_T|SL,151,
CP1v_SM|T,151,
DALcm1/2v_SM-IC|T,151,
CP1d_Mv|T-T*,152,
DAMd1_Mm*-IA*,152,
BAlp1-3_V|V-L,153,
DPMm2_Vpv|S-N,153,
CP2/3v_L|IP-IP*,154,
DPMl2_IP|L*,154,
BAmd1_L*-IA*|L*,155,
CM1/3_IA|V,155,
DPMpm2_IA|L,155,
TRdl-a/b_T-V|S,156,
BAmd1_L|V*,156,
BAlp1-3_V|N,156,
CP2/3v_V|V*,156,
DPMpl3_V-T|N*,156,
BAla3/4_N-S|Vm-Vm*,157,
DALcm1/2v_L|L*,157,
BAmv1/2_V-S|V-L,157,
DALv2/3accvm_V-L|-,157,
CM1/3_V-S|Vm,158,
DALv2/3accl_Lcv|Llv,158,
DALcm1/2v_L|V-V*,158,
BLAv1/2_IC|L,158,
DPMl2_V-V*,158,
CM4-CM5*_V|N*,159,
DALcl1/2v_Vl|Vl*,159,
DPMpl3_V|L,159,
BAmd1_L|L*,160,
DALv2/3accl_L|Mp*-IA*,160,
DPMm2_L|S*-N*,160,
DPMm2_Vpd|V*-S*-N*,161,
DPMl1_V|N,161,
DPMl1_V|V-L,161,
DALcm1/2v_V-L,162,
DALd_Vpd|Vm-Vm*,162,
BAmv1/2_V|S,163,
CM1/3_V-L|V-L,163,
DPMpl1/2_V|L,163,
BAmv1/2_L|N,164,
MB-AL_V|L,164,
BAlv_V-L|V*-L*,165,
DALv2/3accvl_L|S*-N*,165,
DALv2/3_Vl|Vc,166,
DPLal1-3_L,166,
BAlp4_V|L,166,
DPMl2_L|N*,166,
BAmd2_V-L|V*-S*,167,
DALd_Vmed|N,167,
DALv2/3accvm_L-V|N,167,
DALcm1/2v_L,168,
DALv2/3accvl_L-V|S-N,168,
BAla1/2_V-L|V-L*,169,
DPMl3/4p_V|L,169,
BAlv_T-S|V-V*,170,
BAmd2_V|S-N,170,
CM4_L|V-V*,170,
DPMpm1_L-IA|S,171,
DALcl1/2d_IA|V-V*,171,
DPLal1-3_V|IA-L,171,
BAmd2_V|IP-IP*,172,
CM4-CM5*_V-T|N*,173,
DPMpl3_V-IC|V*,173,
BAlp4_Tdl|V,174,
BAmv1/2_V-S,174,
BAla3/4_V-L|Vm,174,
DALcm1/2v_V|N,174,
BLP3/4_IC|Vm,175,
BAmd2_IA-V|Vpd,175,
DPMpl1/2_IC-V|V-V*-IC*,175,
BAlp1-3_V,176,
DPLal1-3_IC-Vpd,176,
DPMl2_V-IP-V*-IP*,177,
DPMm1_Vpd,177,
BAla3/4_V,178,
BLAvm_V-L|IP*-V*,178,
BAla1/2_Tdl|V,179,
BAla3/4_Tdl|Vpv,179,
OLP_LO|SL-VL,180,
BAmd1_Tdl*|SL*,181,
BLP3/4_IP|V,182,
BLVa3/4_SL|IC,182,
DPMl3/4p_V-IP|V*-IP*,182,
DPMl1_V|VL,183,
DALv1_V-V*,184,
CM1/3_Vpddor|Vpdven-Vpdven*,184,
DPMl1_V-IP|N,184,
BAmv1/2_Vpd|N,185,
BLP3/4_L|V,185,
BAla3/4_S-V|Vpd-Vpd*,186,
DPMm1_Vpv|Vpd-Vpd*,186,
BAlp4_Tdl-S|V,187,
CM1/3_Vpd|V,187,
DPMl1_Vm|Vpd*,187,
BLP1/2_V|V*-IC*,187,
BAlv_V-S,187,
CM1/3_Tdl|IC,187,
CP1v_IC-VL|L*-V*,188,
CP2/3v_L-VL|IC*,188,
DPMl1_Vpos|Vant,189,
DPMm1_SM|IP-IP*,189,
CM4_IC-VL-V|S*-N*,190,
CP2/3v_IC|V-IP-V*-IP*,190,
CP1d_IC-V|V*-S*,191,
DALl1_IC-VL|IP-IP*,191,
DALl1_IC-VL|V-IP-IP*,191,
TRdl-d_V|IC-V-IC*-V*,192,
BLVp1_VL|IC-IC*,192,
BLD2-4_IC-VL|VLm,192,
CP1v_IC|N,192,
BLVa3/4_VLdor|IC,193,
BAla3/4_S-T|VL-IC,194,
BLVa3/4_VL|IC,194,
CP1v_IC|S-N,195,
BLAv1/2_VL-SL-VL*-SL*,195,
BLP3/4_VL|SLl,195,
BLP3/4_SL|IC,196,
DPLam_SL,196,
BLAv1/2_SLl|IC,197,
DPLal1-3_SL|V,197,
DPLam_SL|V,197,
BLP3/4_VL|SL-SL*,198,
BAmd1_VL-SL|SL*-VL*,198,
DALcm1/2m_SLl|SL-SL*,198,
BLVp2_IC|S-N,199,
BLAvm_VL|IC-IC*,199,
DPMpm1_VL|N,199,
BLVp2_IC|S*-N*,200,
DPMl1_7-NA,200,
BLVp1_IC|S*,200,
DPMm1_VL|S,200,
CP1v_IC-V|N,201,
BLVa3/4_VLven|IC,201,
DALv1_VL|IP*-V*-L*,201,
CP2/3v_Vpd|Vm-Vm*,202,
BLP1/2_V|Vpd,202,
BLVa1/2_IClat|ICmed-ICmed*,202,
BAmd2_SM|N-ncc,203,
DAMv1/2_SM*|T*,203,
DPLc4_SM|ncc,203,
DALl1_IC|SM-SM*,203,
DPMpl1/2_SM|S*,203,
DPLal1-3_SL|SMal-IA,204,
DPLd_SL|V,204,
DPMpm2_SMpos|SMant,204,
CP1v_IC|S,205,
BAla3/4_10-NA,205,
DPMl1_IC*|N*,205,
DPMm1_V-V*|N*,205,
BAlp1-3_L|IC,206,
BAla3/4_11-NA,206,
DPMm1_V|S*-N*,206,
BApv_V*|S*,207,
TRdl-a/b_S|V,207,
BAlv_3-NA,207,
BAlv_S-S*|N*,207,
BAla3/4_4-NA,207,
BApv_T|S,207,
BApv_T-S|N,208,
BApv_Tdl,208,
DPLm2_V-SM|ncc,209,
TRvm_S-V|ncc*,209,
DALcl1/2v_IA-SM|-,210,
TRdl-a/b_S-V|VL*,210,
TRdm_S-S*|V-S-N,210,
BAla3/4_Tdl|IC*,211,
TRdl-c_Tdl,211,
BAmd2_Vm|T*,212,
BAmas1/2_T|S-N-S*-N*,212,
BApv_T,212,
DILP_T*|S*,212,
TRdm_Tv|S*,212,
CP2/3v_Vpd,213,
CM1/3_V|N,213,
CM4_V|N,213,
CM4_Vpd|Vpv,214,
DPMpl1/2_V,214,
DPMl2_V-IP|S-N,215,
CM4_V|V*,215,
DPMm1_Vpd-Vpd*|N*,215,
BAmd2_SM|S-N,216,
BAmas1/2_T|S,216,
BApv_S,216,
BAla3/4_Vpv|S,217,
BAmv1/2_V|S*,217,
BAmd2_Vpv|N,218,
BApv_T-V,218,
DALd_5-NA,218,
DPMl2_V|S-N,218,
CM4_IP,219,
BAmd2_Tdl*|SL*,219,
BLVa1/2_LO,219,
BApd_IC|S-N,220,
DALv1_IP|IP*,220,
DPLam_IP|SM-SM*,221,
CP1d_SL-SM|N*,221,
DALl1_IC-V|SM-IP-SM*-IP*,221,
DPLm1_SL|SM*,222,
DPLc3_SL|SLl-SM*-SLl*,223,
DPMpl1/2_SL-SMpos|S*-N*,223,
DPLc1_SM|ncc,224,
DPLc4_SL|ncc,224,
DAMv1/2_SMmed|SMant-SMant*,225,
DPMpl1/2_IA|SM*,225,
DPMpm1_SM|S-N,226,
DPMpm1_SM|Vpd-Vpd*,226,
DAMv1/2_SM-V|IC*,226,
DPLl1-3_VL|SM,226,
DPMm2_SM|V*-S*-N*,227,
DPMpl1/2_SL-SMant|Vm*,227,
BAla3/4_SM-V|SL*-IC*,227,
CM4_SM|SM-Vm-SM*-Vm*,227,
CM1/3_IC|SM,228,
DPLm2_SL|IA,228,
CP1v_IC|V-V*,229,
DPMl3/4p_IP|IA,229,
BAmd1_V*|SM*-SL*,230,
BLAv1/2_SM|IP-IP*,230,
BAmd1_V*-IA*|IA*-SL**,230,
DAMd2/3_IA|IA-L,230,
DALcl1/2d_IA|V,231,
DALcm1/2m_IA|L-IA-L*-IA*,231,
DALcm1/2m_IA|Ldor*,232,
DAMd2/3_V||IA*-L*,232,
DAMd2/3_SM|IA-V-IA*,233,
DPMm2_V|V*-S*,233,
DAMd2/3_SM|Vm-IA-Vm*-IA*,233,
DPMm1_SM|V-V*,233,
